time,C1C_1,L1C_1,D1C_1,S1C_1,C1C_2,L1C_2,D1C_2,S1C_2,C1C_3,L1C_3,D1C_3,S1C_3,C1C_4,L1C_4,D1C_4,S1C_4
2019-03-27 06:45:00,23861675.563,125393977.52,-3322.223,43.1,20489372.43,107672339.276,-1485.656,52.2,25108853.18,131947839.637,-132.672,33.1,23600745.305,124022753.825,-1508.121,45.9
2019-03-27 06:45:01,23862307.625,125397299.696,-3322.148,43.5,20489654.938,107673825.178,-1486.176,51.8,25108878.719,131947972.421,-132.918,33.7,23601032.211,124024261.832,-1508.023,46.1
2019-03-27 06:45:02,23862940.242,125400621.979,-3322.211,43.4,20489938.156,107675311.617,-1486.676,52.0,25108904.172,131948105.157,-132.766,33.7,23601319.289,124025769.655,-1507.73,46.3
2019-03-27 06:45:03,23863572.781,125403944.278,-3322.156,43.2,20490221.258,107676798.542,-1487.125,52.1,25108929.547,131948237.875,-132.711,33.7,23601605.875,124027277.309,-1507.469,46.2
2019-03-27 06:45:04,23864205.195,125407266.688,-3322.559,43.2,20490504.461,107678286.009,-1487.832,52.3,25108954.305,131948370.678,-132.91,33.7,23601892.664,124028784.837,-1507.605,46.4
2019-03-27 06:45:05,23864836.883,125410589.093,-3322.336,43.3,20490787.43,107679773.944,-1488.211,51.7,25108979.82,131948503.298,-132.539,33.4,23602179.773,124030292.158,-1507.309,46.4
2019-03-27 06:45:06,23865469.297,125413911.569,-3322.508,42.9,20491070.688,107681262.404,-1488.781,52.1,25109004.664,131948636.044,-132.551,33.5,23602466.867,124031799.307,-1507.059,46.5
2019-03-27 06:45:07,23866101.883,125417234.085,-3322.59,42.6,20491354.039,107682751.345,-1489.191,52.5,25109030.594,131948768.703,-132.723,33.2,23602753.43,124033306.286,-1506.863,46.5
2019-03-27 06:45:08,23866733.789,125420556.68,-3322.613,42.7,20491637.367,107684240.848,-1489.641,52.5,25109055.906,131948901.465,-132.797,33.7,23603039.758,124034813.163,-1506.723,46.2
2019-03-27 06:45:09,23867366.375,125423879.334,-3322.664,43.0,20491920.711,107685730.849,-1490.266,52.8,25109080.766,131949034.084,-132.734,32.6,23603326.609,124036319.838,-1506.617,46.3
2019-03-27 06:45:10,23867998.07,125427202.006,-3322.734,43.0,20492204.813,107687221.342,-1490.758,52.9,25109106.094,131949166.81,-132.754,32.0,23603613.297,124037826.334,-1506.43,46.6
2019-03-27 06:45:11,23868630.5,125430524.721,-3322.59,42.9,20492488.266,107688712.336,-1491.156,52.8,25109131.625,131949299.406,-132.605,31.9,23603899.813,124039332.655,-1506.219,46.5
2019-03-27 06:45:12,23869262.938,125433847.522,-3322.984,42.8,20492771.984,107690203.856,-1491.848,52.7,25109157.516,131949432.074,-132.848,32.0,23604186.414,124040838.817,-1506.184,46.6
2019-03-27 06:45:13,23869894.813,125437170.335,-3322.832,43.1,20493056.234,107691695.853,-1492.281,52.5,25109182.391,131949564.703,-132.707,32.2,23604473.086,124042344.792,-1505.84,46.2
2019-03-27 06:45:14,23870527.586,125440493.258,-3322.957,43.5,20493340.063,107693188.411,-1492.949,52.5,25109206.398,131949697.295,-132.563,32.4,23604759.805,124043850.637,-1505.848,46.2
2019-03-27 06:45:15,23871159.969,125443816.189,-3323.082,43.0,20493624.219,107694681.443,-1493.43,51.9,25109231.797,131949829.932,-132.801,31.9,23605046.375,124045356.294,-1505.676,46.4
2019-03-27 06:45:16,23871792.063,125447139.182,-3323.055,43.4,20493908.289,107696174.95,-1493.797,52.5,25109257.234,131949962.499,-132.66,32.5,23605332.984,124046861.778,-1505.48,46.2
2019-03-27 06:45:17,23872424.578,125450462.204,-3322.961,43.0,20494192.586,107697668.985,-1494.297,52.8,25109283.477,131950095.087,-132.656,32.4,23605619.633,124048367.101,-1505.215,46.1
2019-03-27 06:45:18,23873056.875,125453785.277,-3323.137,43.2,20494477.195,107699163.505,-1494.773,52.8,25109308.563,131950227.628,-132.57,32.6,23605905.313,124049872.237,-1505.043,46.3
2019-03-27 06:45:19,23873689.641,125457108.433,-3323.203,42.6,20494761.461,107700658.557,-1495.324,52.9,25109333.492,131950360.136,-132.566,33.0,23606192.156,124051377.25,-1504.98,46.7
2019-03-27 06:45:20,23874321.539,125460431.623,-3323.199,43.0,20495046.0,107702154.124,-1495.875,52.9,25109358.664,131950492.671,-132.508,32.6,23606478.391,124052882.055,-1504.754,46.6
2019-03-27 06:45:21,23874953.961,125463754.916,-3323.484,42.9,20495330.984,107703650.227,-1496.383,53.0,25109383.688,131950625.207,-132.66,33.7,23606764.813,124054386.762,-1504.699,46.3
2019-03-27 06:45:22,23875586.664,125467078.176,-3323.195,42.6,20495615.32,107705146.794,-1496.895,52.9,25109408.5,131950757.718,-132.48,34.3,23607051.539,124055891.23,-1504.488,46.0
2019-03-27 06:45:23,23876218.508,125470401.51,-3323.262,42.5,20495900.516,107706643.853,-1497.25,53.0,25109434.008,131950890.182,-132.453,35.5,23607337.57,124057395.547,-1504.219,46.4
2019-03-27 06:45:24,23876850.844,125473724.916,-3323.504,42.5,20496185.523,107708141.444,-1497.895,53.2,25109460.031,131951022.69,-132.613,35.4,23607623.672,124058899.69,-1504.098,46.5
2019-03-27 06:45:25,23877483.406,125477048.35,-3323.488,42.6,20496470.539,107709639.531,-1498.281,53.0,25109485.109,131951155.139,-132.324,35.6,23607909.563,124060403.682,-1503.852,46.4
2019-03-27 06:45:26,23878115.938,125480371.836,-3323.559,42.8,20496756.156,107711138.12,-1498.852,53.3,25109509.828,131951287.603,-132.457,35.8,23608195.984,124061907.478,-1503.754,46.8
2019-03-27 06:45:27,23878748.641,125483695.372,-3323.539,42.6,20497041.18,107712637.215,-1499.379,53.5,25109535.43,131951420.031,-132.363,35.0,23608482.055,124063411.132,-1503.574,47.0
2019-03-27 06:45:28,23879380.914,125487018.978,-3323.652,42.6,20497326.359,107714136.828,-1499.891,53.2,25109560.703,131951552.465,-132.48,34.8,23608767.75,124064914.611,-1503.406,46.3
2019-03-27 06:45:29,23880012.82,125490342.63,-3323.723,42.6,20497611.859,107715636.969,-1500.441,53.2,25109585.711,131951684.927,-132.508,34.6,23609054.281,124066417.959,-1503.316,45.8
2019-03-27 06:45:30,23880645.992,125493666.323,-3323.68,42.7,20497897.367,107717137.609,-1500.895,53.0,25109610.914,131951817.33,-132.375,34.3,23609340.563,124067921.102,-1503.047,45.6
2019-03-27 06:45:31,23881278.234,125496990.068,-3323.797,42.8,20498183.188,107718638.729,-1501.328,53.0,25109636.281,131951949.704,-132.313,33.6,23609625.945,124069424.071,-1502.91,45.3
2019-03-27 06:45:32,23881910.766,125500313.883,-3323.781,42.9,20498468.688,107720140.387,-1501.934,53.0,25109661.164,131952082.108,-132.465,33.2,23609912.453,124070926.927,-1502.797,45.5
2019-03-27 06:45:33,23882543.242,125503637.713,-3323.82,43.0,20498754.836,107721642.502,-1502.352,52.8,25109685.313,131952214.493,-132.445,33.5,23610198.07,124072429.541,-1502.625,45.6
2019-03-27 06:45:34,23883176.195,125506961.654,-3324.066,42.5,20499040.516,107723145.172,-1502.93,52.3,25109710.43,131952346.864,-132.406,32.4,23610484.023,124073932.036,-1502.449,46.0
2019-03-27 06:45:35,23883808.766,125510285.585,-3324.008,42.4,20499326.75,107724648.353,-1503.492,52.3,25109736.219,131952479.201,-132.32,32.5,23610769.797,124075434.375,-1502.293,45.1
2019-03-27 06:45:36,23884441.539,125513609.607,-3323.98,43.0,20499612.594,107726152.022,-1503.926,52.5,25109761.289,131952611.609,-132.387,31.9,23611055.766,124076936.524,-1502.059,45.2
2019-03-27 06:45:37,23885073.539,125516933.665,-3324.098,42.2,20499899.344,107727656.211,-1504.52,52.6,25109785.82,131952743.886,-132.5,31.6,23611341.695,124078438.506,-1501.934,45.4
2019-03-27 06:45:38,23885706.219,125520257.755,-3324.156,42.8,20500185.32,107729160.87,-1504.902,52.5,25109810.328,131952876.138,-132.02,31.5,23611627.484,124079940.308,-1501.719,45.3
2019-03-27 06:45:39,23886339.055,125523581.935,-3324.273,42.6,20500471.594,107730666.084,-1505.523,52.7,25109835.891,131953008.511,-132.309,31.2,23611912.922,124081441.99,-1501.594,45.5
2019-03-27 06:45:40,23886971.266,125526906.111,-3324.23,42.8,20500758.359,107732171.775,-1505.934,52.4,25109862.086,131953140.785,-132.207,32.2,23612198.797,124082943.482,-1501.359,45.5
2019-03-27 06:45:41,23887603.961,125530230.371,-3324.332,42.8,20501044.773,107733677.964,-1506.457,52.4,25109886.914,131953273.065,-132.242,33.2,23612484.266,124084444.816,-1501.371,45.1
2019-03-27 06:45:42,23888236.883,125533554.672,-3324.316,42.9,20501331.695,107735184.675,-1506.938,52.7,25109912.781,131953405.294,-132.266,33.7,23612770.133,124085945.968,-1501.09,45.0
2019-03-27 06:45:43,23888869.398,125536878.997,-3324.289,42.6,20501618.445,107736691.862,-1507.473,53.2,25109938.5,131953537.536,-132.184,34.4,23613055.469,124087446.947,-1500.949,45.1
2019-03-27 06:45:44,23889502.141,125540203.426,-3324.477,42.6,20501905.359,107738199.598,-1508.035,53.0,25109963.891,131953669.804,-132.48,34.7,23613340.992,124088947.797,-1500.824,45.0
2019-03-27 06:45:45,23890134.961,125543527.859,-3324.426,42.7,20502192.547,107739707.808,-1508.473,53.0,25109988.398,131953801.989,-132.051,34.4,23613626.836,124090448.457,-1500.617,44.3
2019-03-27 06:45:46,23890767.172,125546852.327,-3324.453,42.9,20502479.773,107741216.499,-1508.93,53.2,25110012.789,131953934.185,-132.219,34.3,23613911.828,124091948.932,-1500.473,44.7
2019-03-27 06:45:47,23891399.578,125550176.9,-3324.668,42.7,20502766.68,107742725.765,-1509.633,53.0,25110038.5,131954066.423,-132.348,33.9,23614198.125,124093449.276,-1500.387,44.6
2019-03-27 06:45:48,23892032.609,125553501.472,-3324.77,42.2,20503054.016,107744235.481,-1510.027,53.4,25110063.336,131954198.573,-132.09,33.3,23614483.516,124094949.443,-1500.156,44.9
2019-03-27 06:45:49,23892665.422,125556826.092,-3324.672,42.3,20503341.242,107745745.69,-1510.531,53.4,25110088.43,131954330.697,-132.496,32.6,23614768.461,124096449.411,-1499.93,45.1
2019-03-27 06:45:50,23893297.68,125560150.768,-3324.719,42.5,20503628.922,107747256.434,-1510.965,53.4,25110113.359,131954462.799,-132.227,32.0,23615054.359,124097949.221,-1499.703,44.7
2019-03-27 06:45:51,23893930.383,125563475.52,-3324.707,42.7,20503916.742,107748767.704,-1511.527,53.7,25110138.289,131954594.962,-132.137,32.5,23615340.078,124099448.909,-1499.602,45.1
2019-03-27 06:45:52,23894563.43,125566800.312,-3324.898,42.6,20504204.422,107750279.447,-1512.059,53.8,25110163.32,131954727.035,-132.125,32.9,23615625.57,124100948.395,-1499.484,45.5
2019-03-27 06:45:53,23895195.992,125570125.141,-3324.977,42.8,20504492.031,107751791.71,-1512.523,53.7,25110188.25,131954859.086,-132.027,32.6,23615910.5,124102447.747,-1499.313,45.4
2019-03-27 06:45:54,23895828.406,125573450.017,-3324.984,42.5,20504779.734,107753304.472,-1513.059,53.4,25110213.938,131954991.191,-132.09,32.3,23616195.164,124103946.884,-1499.105,45.0
2019-03-27 06:45:55,23896461.281,125576774.959,-3325.039,42.9,20505067.773,107754817.746,-1513.609,53.3,25110239.758,131955123.275,-131.922,31.5,23616480.492,124105445.898,-1499.082,45.2
2019-03-27 06:45:56,23897093.781,125580099.914,-3324.926,43.4,20505355.781,107756331.51,-1513.973,53.4,25110265.016,131955255.284,-131.66,31.5,23616765.852,124106944.689,-1498.691,45.7
2019-03-27 06:45:57,23897726.773,125583424.946,-3325.082,43.1,20505643.789,107757845.779,-1514.469,53.2,25110289.438,131955387.293,-132.043,31.0,23617051.25,124108443.328,-1498.547,45.9
2019-03-27 06:45:58,23898359.258,125586750.017,-3325.109,43.1,20505932.141,107759360.558,-1515.0,53.0,25110315.477,0.0,-132.117,31.9,23617336.156,124109941.815,-1498.469,46.0
2019-03-27 06:45:59,23898992.055,125590075.137,-3325.277,42.1,20506220.625,107760875.839,-1515.555,52.8,25110340.805,131955651.384,-132.258,31.6,23617621.375,124111440.12,-1498.328,46.1
2019-03-27 06:46:00,23899624.32,125593400.275,-3325.246,42.3,20506509.359,107762391.604,-1516.043,53.2,25110365.828,131955783.4,-132.156,31.0,23617906.289,124112938.248,-1498.102,45.8
2019-03-27 06:46:01,23900257.531,125596725.47,-3325.262,42.3,20506797.695,107763907.889,-1516.594,53.2,25110390.938,131955915.337,-132.102,31.2,23618191.773,124114436.23,-1497.91,45.5
2019-03-27 06:46:02,23900889.789,125600050.739,-3325.305,42.1,20507086.461,107765424.675,-1516.98,53.4,25110414.906,131956047.26,-131.551,31.3,23618476.617,124115934.051,-1497.773,45.5
2019-03-27 06:46:03,23901523.398,125603376.035,-3325.336,41.8,20507374.938,107766941.942,-1517.434,53.3,25110439.133,131956179.235,-131.895,30.5,23618761.609,124117431.667,-1497.516,45.5
2019-03-27 06:46:04,23902155.547,125606701.415,-3325.355,41.8,20507663.992,107768459.768,-1518.082,53.1,25110464.164,131956311.161,-132.023,30.7,23619046.867,124118929.164,-1497.445,45.4
2019-03-27 06:46:05,23902788.719,125610026.825,-3325.496,42.1,20507952.461,107769978.088,-1518.699,53.1,25110488.477,131956443.049,-131.844,31.0,23619331.492,124120426.48,-1497.293,45.5
2019-03-27 06:46:06,23903421.383,125613352.311,-3325.543,42.1,20508241.555,107771496.907,-1519.109,52.9,25110514.758,131956574.977,-131.832,31.8,23619616.18,124121923.644,-1497.082,45.0
2019-03-27 06:46:07,23904054.789,125616677.8,-3325.645,42.2,20508530.578,107773016.23,-1519.641,52.8,25110539.969,131956706.898,-132.102,33.0,23619901.828,124123420.622,-1496.953,45.1
2019-03-27 06:46:08,23904687.461,125620003.324,-3325.547,42.2,20508820.031,107774536.042,-1520.113,53.2,25110564.719,131956838.802,-132.016,33.3,23620186.227,124124917.42,-1496.73,45.5
2019-03-27 06:46:09,23905319.805,125623328.918,-3325.605,42.6,20509109.711,107776056.358,-1520.617,53.4,25110590.891,131956970.63,-132.047,33.7,23620471.195,124126414.075,-1496.664,45.4
2019-03-27 06:46:10,23905952.094,125626654.586,-3325.734,42.2,20509398.648,107777577.19,-1521.117,53.4,25110616.68,131957102.47,-132.055,33.7,23620755.594,124127910.558,-1496.457,45.9
2019-03-27 06:46:11,23906585.297,125629980.302,-3325.789,42.0,20509688.719,107779098.515,-1521.629,53.3,25110641.867,131957234.314,-131.773,34.2,23621040.945,124129406.859,-1496.234,45.8
2019-03-27 06:46:12,23907218.234,125633306.035,-3325.824,42.4,20509978.141,107780620.363,-1522.168,53.7,25110666.922,131957366.199,-131.824,34.2,23621325.055,124130903.017,-1496.125,46.2
2019-03-27 06:46:13,23907851.234,125636631.807,-3325.801,42.4,20510267.75,107782142.673,-1522.57,53.4,25110692.094,131957497.943,-131.629,33.7,23621610.266,124132398.953,-1495.863,45.6
2019-03-27 06:46:14,23908484.453,125639957.663,-3325.91,42.3,20510557.094,107783665.545,-1523.152,53.0,25110716.602,131957629.794,-131.934,34.5,23621894.781,124133894.798,-1495.723,45.6
2019-03-27 06:46:15,23909117.063,125643283.512,-3325.855,42.3,20510847.133,107785188.869,-1523.59,53.2,25110741.023,131957761.514,-131.754,34.8,23622179.539,124135390.435,-1495.57,45.2
2019-03-27 06:46:16,23909749.734,125646609.417,-3325.922,42.3,20511137.063,107786712.713,-1524.152,52.7,25110766.133,131957893.306,-131.652,34.2,23622464.156,124136885.914,-1495.496,45.4
2019-03-27 06:46:17,23910383.211,125649935.397,-3326.148,42.6,20511427.305,107788237.044,-1524.617,52.7,25110791.25,131958025.032,-131.844,34.2,23622748.703,124138381.217,-1495.281,45.4
2019-03-27 06:46:18,23911015.977,125653261.401,-3326.051,42.8,20511717.352,107789761.898,-1525.09,53.0,25110815.977,131958156.724,-131.77,34.5,23623032.805,124139876.363,-1495.035,45.6
2019-03-27 06:46:19,23911649.5,125656587.441,-3326.082,42.3,20512007.844,107791287.227,-1525.613,53.0,25110841.672,131958288.443,-131.762,32.5,23623317.313,124141371.326,-1494.855,45.7
2019-03-27 06:46:20,23912281.656,125659913.525,-3325.957,42.2,20512298.141,107792813.074,-1526.102,53.1,25110865.797,131958420.125,-131.516,32.6,23623602.102,124142866.133,-1494.738,46.0
2019-03-27 06:46:21,23912914.859,125663239.696,-3326.207,42.4,20512588.68,107794339.419,-1526.586,53.1,25110891.055,131958551.812,-131.77,32.9,23623886.594,124144360.775,-1494.633,45.6
2019-03-27 06:46:22,23913547.43,125666565.865,-3326.223,42.8,20512878.867,107795866.267,-1527.191,53.2,25110916.469,131958683.404,-131.73,33.4,23624171.266,124145855.235,-1494.461,45.4
2019-03-27 06:46:23,23914180.75,125669892.074,-3326.18,43.0,20513169.586,107797393.596,-1527.582,53.1,25110941.773,131958815.048,-131.516,33.4,23624455.086,124147349.525,-1494.215,45.4
2019-03-27 06:46:24,23914813.438,125673218.4,-3326.426,43.4,20513460.328,107798921.498,-1528.262,53.0,25110967.109,131958946.727,-131.875,33.1,23624739.531,124148843.683,-1494.145,45.2
2019-03-27 06:46:25,23915446.648,125676544.702,-3326.477,43.1,20513751.352,107800449.827,-1528.781,52.9,25110991.789,131959078.311,-131.609,33.6,23625023.938,124150337.627,-1493.957,45.1
2019-03-27 06:46:26,23916079.445,125679871.068,-3326.34,42.5,20514042.117,107801978.68,-1529.164,53.0,25111016.461,131959209.912,-131.801,33.1,23625307.758,124151831.418,-1493.781,45.4
2019-03-27 06:46:27,23916713.313,125683197.485,-3326.508,42.9,20514333.273,107803508.04,-1529.594,53.2,25111041.711,131959341.497,-131.68,33.7,23625592.242,124153325.078,-1493.609,45.0
2019-03-27 06:46:28,23917345.766,125686523.945,-3326.586,43.1,20514624.336,107805037.886,-1530.09,53.4,25111066.711,131959473.017,-131.609,33.3,23625876.695,124154818.505,-1493.438,44.5
2019-03-27 06:46:29,23917978.672,125689850.452,-3326.516,43.2,20514915.836,107806568.249,-1530.66,53.2,25111090.977,131959604.617,-131.77,32.5,23626160.32,124156311.816,-1493.305,44.7
2019-03-27 06:46:30,23918612.031,125693177.002,-3326.609,43.1,20515206.875,107808099.11,-1531.18,53.5,25111115.5,131959736.126,-131.555,32.9,23626444.461,124157804.951,-1493.102,44.7
2019-03-27 06:46:31,23919245.078,125696503.603,-3326.645,43.0,20515498.328,107809630.479,-1531.707,53.5,25111141.648,131959867.567,-131.469,33.3,23626729.039,124159297.915,-1492.961,45.2
2019-03-27 06:46:32,23919878.539,125699830.233,-3326.754,42.9,20515789.961,107811162.335,-1532.23,53.2,25111166.695,131959999.021,-131.691,33.6,23627012.656,124160790.703,-1492.684,45.1
2019-03-27 06:46:33,23920510.984,125703156.897,-3326.703,43.3,20516081.195,107812694.688,-1532.613,52.7,25111191.758,131960130.481,-131.727,34.1,23627296.82,124162283.344,-1492.641,45.2
2019-03-27 06:46:34,23921144.023,125706483.609,-3326.684,43.2,20516372.93,107814227.543,-1533.035,53.0,25111216.969,131960261.907,-131.406,33.4,23627581.313,124163775.777,-1492.297,45.1
2019-03-27 06:46:35,23921777.352,125709810.389,-3326.715,42.9,20516664.953,107815760.906,-1533.5,52.8,25111242.492,131960393.315,-131.367,34.1,23627865.273,124165268.071,-1492.129,45.0
2019-03-27 06:46:36,23922410.313,125713137.192,-3326.723,42.8,20516956.836,107817294.801,-1534.059,52.7,25111267.711,131960524.795,-131.648,34.3,23628149.211,124166760.217,-1492.055,44.8
2019-03-27 06:46:37,23923042.898,125716464.073,-3326.863,42.9,20517248.898,107818829.151,-1534.574,52.5,25111292.023,131960656.123,-131.367,34.3,23628432.516,124168252.166,-1491.848,44.9
2019-03-27 06:46:38,23923676.602,125719790.98,-3327.059,42.9,20517540.648,107820364.056,-1535.219,52.1,25111317.016,131960787.523,-131.543,33.7,23628716.555,124169743.988,-1491.824,44.3
2019-03-27 06:46:39,23924309.547,125723117.918,-3327.027,43.1,20517832.813,107821899.409,-1535.625,52.4,25111340.859,131960918.87,-131.461,32.2,23629000.531,124171235.583,-1491.555,44.2
2019-03-27 06:46:40,23924942.461,125726444.916,-3327.07,43.0,20518125.07,107823435.285,-1536.145,52.6,25111366.445,131961050.19,-131.27,31.8,23629284.359,124172727.057,-1491.359,44.1
2019-03-27 06:46:41,23925575.438,125729771.955,-3327.078,43.4,20518417.852,107824971.652,-1536.555,52.4,25111390.625,131961181.52,-131.406,32.3,23629567.93,124174218.344,-1491.113,43.6
2019-03-27 06:46:42,23926208.828,125733099.051,-3327.043,43.5,20518710.359,107826508.541,-1537.133,52.9,25111415.648,131961312.765,-131.215,32.3,23629852.063,124175709.475,-1491.027,43.4
2019-03-27 06:46:43,23926841.594,125736426.147,-3327.066,43.3,20519002.688,107828045.912,-1537.66,52.7,25111441.125,131961444.085,-131.324,32.6,23630135.844,124177200.431,-1490.887,43.3
2019-03-27 06:46:44,23927474.773,125739753.331,-3327.207,43.4,20519295.391,107829583.788,-1538.129,52.1,25111466.305,131961575.397,-131.211,33.0,23630418.906,124178691.235,-1490.703,43.2
2019-03-27 06:46:45,23928108.352,125743080.579,-3327.344,43.0,20519588.211,107831122.183,-1538.723,52.4,25111491.813,131961706.622,-131.375,33.2,23630703.148,124180181.881,-1490.621,43.1
2019-03-27 06:46:46,23928741.766,125746407.832,-3327.297,43.1,20519880.984,107832661.054,-1539.168,52.1,25111518.0,131961837.855,-130.969,32.3,23630985.984,124181672.324,-1490.344,43.1
2019-03-27 06:46:47,23929374.219,125749735.157,-3327.371,43.4,20520173.711,107834200.437,-1539.566,51.9,25111541.586,131961969.126,-131.27,32.0,23631269.695,124183162.638,-1490.203,42.9
2019-03-27 06:46:48,23930007.773,125753062.486,-3327.355,43.4,20520466.828,107835740.301,-1540.141,51.5,25111565.883,131962100.296,-131.098,32.2,23631553.547,124184652.747,-1490.074,43.0
2019-03-27 06:46:49,23930640.633,125756389.898,-3327.469,43.3,20520760.078,107837280.696,-1540.684,51.5,25111590.195,131962231.529,-131.25,32.6,23631836.828,124186142.734,-1489.965,43.7
2019-03-27 06:46:50,23931273.352,125759717.311,-3327.461,43.8,20521053.211,107838821.557,-1541.051,51.4,25111616.734,131962362.687,-130.922,33.1,23632120.391,124187632.48,-1489.598,43.2
2019-03-27 06:46:51,23931907.289,125763044.784,-3327.508,43.6,20521346.469,107840362.945,-1541.664,51.4,25111642.0,131962493.832,-131.172,33.4,23632404.289,124189122.13,-1489.609,43.0
2019-03-27 06:46:52,23932540.914,125766372.267,-3327.449,43.2,20521639.68,107841904.803,-1542.117,51.0,25111666.281,131962624.935,-131.355,33.1,23632687.07,124190611.563,-1489.363,43.2
2019-03-27 06:46:53,23933173.945,125769699.868,-3327.578,43.4,20521933.227,107843447.195,-1542.633,51.0,25111691.125,131962756.056,-131.066,33.2,23632971.008,124192100.876,-1489.234,43.2
2019-03-27 06:46:54,23933806.438,125773027.468,-3327.563,43.0,20522226.883,107844990.109,-1543.328,51.5,25111715.898,131962887.123,-131.117,33.3,23633254.422,124193590.026,-1489.254,42.9
2019-03-27 06:46:55,23934439.852,125776355.094,-3327.605,43.2,20522520.82,107846533.44,-1543.551,51.3,25111741.781,131963018.162,-131.277,32.3,23633537.336,124195078.934,-1488.773,43.0
2019-03-27 06:46:56,23935072.992,125779682.778,-3327.734,43.1,20522814.742,107848077.319,-1544.195,51.4,25111766.625,131963149.189,-130.875,32.0,23633820.93,124196567.73,-1488.77,42.8
2019-03-27 06:46:57,23935706.234,125783010.487,-3327.77,43.5,20523108.273,107849621.665,-1544.574,51.8,25111790.367,131963280.208,-130.762,32.9,23634104.242,124198056.331,-1488.59,43.0
2019-03-27 06:46:58,23936340.25,125786338.248,-3327.797,43.0,20523402.414,107851166.523,-1545.125,51.4,25111815.57,131963411.205,-131.191,33.0,23634387.703,124199544.763,-1488.43,42.9
2019-03-27 06:46:59,23936973.547,125789666.062,-3327.871,43.1,20523695.82,107852711.881,-1545.605,51.6,25111841.234,131963542.15,-130.961,33.7,23634671.336,124201033.034,-1488.203,43.0
2019-03-27 06:47:00,23937606.414,125792993.932,-3328.016,43.4,20523990.391,107854257.766,-1546.246,52.0,25111866.977,131963673.225,-131.266,33.9,23634953.867,124202521.198,-1488.172,42.9
2019-03-27 06:47:01,23938239.891,125796321.829,-3328.063,43.0,20524284.672,107855804.152,-1546.746,52.1,25111892.148,131963804.144,-131.129,33.5,23635237.531,124204009.141,-1488.016,42.9
2019-03-27 06:47:02,23938872.773,125799649.764,-3327.914,43.4,20524578.813,107857351.014,-1547.141,52.1,25111916.359,131963935.072,-130.969,33.6,23635520.297,124205496.913,-1487.727,42.7
2019-03-27 06:47:03,23939506.188,125802977.751,-3328.027,43.7,20524873.703,107858898.362,-1547.637,52.3,25111941.359,131964066.03,-130.973,33.4,23635803.094,124206984.518,-1487.551,42.8
2019-03-27 06:47:04,23940139.383,125806305.76,-3328.031,43.7,20525168.227,107860446.226,-1548.176,51.9,25111966.203,131964196.946,-130.992,34.2,23636086.398,124208471.973,-1487.461,42.6
2019-03-27 06:47:05,23940773.039,125809633.799,-3328.023,43.3,20525462.883,107861994.56,-1548.625,52.3,25111991.047,131964327.801,-131.156,34.6,23636369.555,124209959.23,-1487.219,42.6
2019-03-27 06:47:06,23941405.813,125812961.914,-3328.219,42.6,20525757.617,107863543.433,-1549.164,52.0,25112016.078,131964458.627,-130.742,34.6,23636652.18,124211446.353,-1487.051,42.6
2019-03-27 06:47:07,23942039.398,125816289.996,-3328.035,42.7,20526052.305,107865092.73,-1549.496,52.3,25112041.891,131964589.509,-130.891,34.8,23636935.227,124212933.255,-1486.738,42.7
2019-03-27 06:47:08,23942672.352,125819618.215,-3328.273,42.9,20526347.242,107866642.6,-1550.094,52.3,25112066.57,131964720.318,-130.75,33.4,23637218.07,124214420.037,-1486.672,43.0
2019-03-27 06:47:09,23943306.086,125822946.436,-3328.27,42.9,20526642.484,107868192.945,-1550.539,52.1,25112092.602,131964851.156,-130.906,33.7,23637501.242,124215906.646,-1486.535,43.0
2019-03-27 06:47:10,23943939.398,125826274.705,-3328.34,42.8,20526937.25,107869743.786,-1551.09,52.0,25112116.008,131964981.942,-130.949,32.6,23637783.391,124217393.087,-1486.387,43.0
2019-03-27 06:47:11,23944572.898,125829603.002,-3328.313,42.8,20527232.828,107871295.151,-1551.602,52.0,25112139.852,131965112.696,-130.816,32.2,23638066.555,124218879.348,-1486.172,43.1
2019-03-27 06:47:12,23945205.82,125832931.354,-3328.355,42.7,20527528.063,107872846.983,-1552.027,52.3,25112164.547,131965243.393,-130.602,32.2,23638349.633,124220365.447,-1486.031,43.5
2019-03-27 06:47:13,23945839.852,125836259.748,-3328.355,43.0,20527823.383,107874399.337,-1552.574,52.5,25112189.813,131965374.215,-130.922,31.9,23638632.867,124221851.416,-1485.949,43.5
2019-03-27 06:47:14,23946473.352,125839588.18,-3328.445,42.8,20528118.766,107875952.162,-1553.07,52.6,25112215.234,131965504.82,-130.555,32.2,23638915.492,124223337.157,-1485.594,43.6
2019-03-27 06:47:15,23947105.836,125842916.667,-3328.477,42.9,20528414.602,107877505.512,-1553.57,52.7,25112240.422,131965635.574,-130.375,32.0,23639197.633,124224822.773,-1485.555,44.1
2019-03-27 06:47:16,23947739.453,125846245.166,-3328.531,42.8,20528710.375,107879059.349,-1554.02,52.7,25112264.766,0.0,-130.293,31.6,23639480.305,124226308.218,-1485.41,44.0
2019-03-27 06:47:17,23948373.008,125849573.73,-3328.66,42.4,20529006.273,107880613.682,-1554.602,53.0,25112289.328,131965896.898,-130.535,31.9,23639763.438,124227793.475,-1485.164,44.5
2019-03-27 06:47:18,23949006.797,125852902.3,-3328.672,42.2,20529301.938,107882168.508,-1555.031,53.3,25112316.133,131966027.591,-130.563,32.3,23640045.641,124229278.585,-1484.992,44.6
2019-03-27 06:47:19,23949639.945,125856230.939,-3328.594,42.3,20529597.75,107883723.804,-1555.398,53.5,25112340.375,131966158.169,-130.52,31.6,23640328.195,124230763.504,-1484.727,45.0
2019-03-27 06:47:20,23950273.773,125859559.622,-3328.742,41.8,20529893.844,107885279.67,-1556.156,53.4,25112365.398,0.0,-130.324,31.9,23640610.328,124232248.306,-1484.691,44.9
2019-03-27 06:47:21,23950907.148,125862888.357,-3328.75,42.6,20530189.914,107886835.991,-1556.559,53.1,25112389.852,0.0,-130.59,32.2,23640892.953,124233732.915,-1484.48,44.7
2019-03-27 06:47:22,23951540.07,125866217.115,-3329.016,42.4,20530486.203,107888392.786,-1557.016,52.4,25112414.523,0.0,-130.699,32.2,23641175.969,124235217.345,-1484.332,44.5
2019-03-27 06:47:23,23952173.172,125869545.849,-3328.73,42.2,20530782.273,107889950.075,-1557.543,52.3,25112439.547,0.0,-130.551,33.0,23641458.008,124236701.603,-1484.156,44.6
2019-03-27 06:47:24,23952807.047,125872874.689,-3328.809,42.6,20531079.109,107891507.893,-1558.0,52.6,25112463.625,131966810.942,-130.684,33.5,23641740.992,124238185.702,-1484.035,44.7
2019-03-27 06:47:25,23953440.75,125876203.578,-3328.969,42.2,20531375.906,107893066.217,-1558.527,52.7,25112488.234,131966941.418,-130.242,33.7,23642022.992,124239669.645,-1483.883,44.9
2019-03-27 06:47:26,23954073.875,125879532.499,-3329.035,42.4,20531672.539,107894625.011,-1559.16,52.7,25112513.469,131967071.85,-130.211,32.8,23642305.109,124241153.407,-1483.805,45.3
2019-03-27 06:47:27,23954707.656,125882861.426,-3328.93,42.3,20531968.945,107896184.298,-1559.535,52.9,25112537.984,131967202.346,-130.543,31.5,23642587.094,124242636.975,-1483.441,45.8
2019-03-27 06:47:28,23955341.063,125886190.417,-3329.082,42.6,20532265.5,107897744.086,-1560.004,53.1,25112563.203,131967332.731,-130.465,31.3,23642870.039,124244120.417,-1483.367,45.6
2019-03-27 06:47:29,23955974.813,125889519.435,-3329.109,42.4,20532562.453,107899304.374,-1560.559,52.5,25112587.984,131967463.192,-130.523,31.5,23643152.383,124245603.677,-1483.25,45.6
2019-03-27 06:47:30,23956608.016,125892848.455,-3329.051,42.6,20532859.617,107900865.133,-1561.059,52.7,25112614.141,131967593.53,-130.199,31.6,23643434.703,124247086.749,-1483.047,45.3
2019-03-27 06:47:31,23957241.094,125896177.585,-3329.109,42.5,20533156.953,107902426.434,-1561.602,53.0,25112638.594,0.0,-130.566,31.2,23643716.656,124248569.687,-1482.949,45.6
2019-03-27 06:47:32,23957875.023,125899506.7,-3329.098,42.7,20533454.0,107903988.175,-1561.973,53.0,25112662.328,131967854.133,-130.035,30.8,23643998.844,124250052.412,-1482.66,45.2
2019-03-27 06:47:33,23958508.484,125902835.888,-3329.117,42.8,20533751.398,107905550.459,-1562.469,53.2,25112687.164,131967984.497,-130.07,31.8,23644280.984,124251535.01,-1482.512,45.6
2019-03-27 06:47:34,23959141.68,125906165.089,-3329.176,42.5,20534048.695,107907113.232,-1563.043,53.3,25112711.508,131968114.815,-130.418,32.5,23644562.711,124253017.444,-1482.359,45.1
2019-03-27 06:47:35,23959775.5,125909494.347,-3329.262,42.0,20534346.078,107908676.468,-1563.449,52.9,25112736.984,131968245.082,-130.215,33.6,23644845.148,124254499.666,-1482.07,45.1
2019-03-27 06:47:36,23960408.922,125912823.633,-3329.313,42.0,20534643.508,107910240.222,-1563.945,52.8,25112762.031,131968375.337,-130.043,33.7,23645127.563,124255981.756,-1482.059,44.6
2019-03-27 06:47:37,23961042.313,125916152.932,-3329.414,42.2,20534941.109,107911804.452,-1564.512,52.7,25112787.625,131968505.567,-130.25,34.4,23645409.125,124257463.647,-1481.746,45.0
2019-03-27 06:47:38,23961676.453,125919482.273,-3329.289,42.4,20535238.867,107913369.186,-1565.016,52.4,25112812.328,131968635.734,-130.07,34.8,23645691.281,124258945.389,-1481.652,45.2
2019-03-27 06:47:39,23962309.789,125922811.685,-3329.414,42.6,20535536.961,107914934.421,-1565.469,52.7,25112836.469,131968765.944,-130.305,35.1,23645973.258,124260426.972,-1481.5,45.5
2019-03-27 06:47:40,23962943.0,125926141.071,-3329.227,42.3,20535834.93,107916500.126,-1565.988,53.1,25112860.109,131968896.07,-130.113,34.7,23646254.711,124261908.354,-1481.316,45.4
2019-03-27 06:47:41,23963576.813,125929470.601,-3329.527,42.5,20536133.219,107918066.374,-1566.539,53.6,25112885.242,131969026.225,-130.035,34.3,23646536.945,124263389.636,-1481.219,44.9
2019-03-27 06:47:42,23964210.477,125932800.135,-3329.688,42.4,20536431.0,107919633.088,-1566.973,53.5,25112910.609,131969156.401,-130.141,34.8,23646818.633,124264870.731,-1481.039,44.8
2019-03-27 06:47:43,23964843.898,125936129.657,-3329.523,42.4,20536729.32,107921200.289,-1567.426,53.3,25112935.094,131969286.472,-130.051,34.5,23647100.539,124266351.607,-1480.77,44.3
2019-03-27 06:47:44,23965478.141,125939459.24,-3329.574,42.6,20537027.602,107922768.013,-1567.949,53.1,25112959.852,131969416.504,-130.02,34.7,23647382.227,124267832.352,-1480.645,43.9
2019-03-27 06:47:45,23966111.305,125942788.875,-3329.621,43.2,20537325.813,107924336.204,-1568.43,52.6,25112985.563,131969546.518,-129.836,35.0,23647663.93,124269312.908,-1480.5,43.6
2019-03-27 06:47:46,23966744.867,125946118.543,-3329.723,43.0,20537624.242,107925904.898,-1568.977,52.5,25113009.891,131969676.53,-129.938,35.3,23647945.516,124270793.313,-1480.223,43.1
2019-03-27 06:47:47,23967378.641,125949448.225,-3329.68,42.8,20537923.258,107927474.08,-1569.418,52.3,25113033.578,131969806.593,-129.922,35.0,23648227.234,124272273.531,-1480.117,42.8
2019-03-27 06:47:48,23968011.688,125952777.968,-3329.824,43.0,20538221.828,107929043.784,-1569.949,52.7,25113058.305,131969936.559,-129.988,35.6,23648509.164,124273753.638,-1480.039,42.6
2019-03-27 06:47:49,23968645.68,125956107.769,-3329.789,42.2,20538520.719,107930613.984,-1570.512,52.2,25113083.234,131970066.518,-130.027,35.5,23648790.766,124275233.545,-1479.891,42.7
2019-03-27 06:47:50,23969279.805,125959437.565,-3329.816,42.6,20538819.805,107932184.628,-1570.918,52.3,25113108.375,131970196.453,-129.938,35.0,23649072.039,124276713.258,-1479.59,42.6
2019-03-27 06:47:51,23969912.875,125962767.427,-3329.98,42.4,20539118.414,107933755.79,-1571.367,51.9,25113133.313,131970326.35,-129.898,34.0,23649353.766,124278192.821,-1479.469,42.6
2019-03-27 06:47:52,23970546.742,125966097.326,-3329.973,42.5,20539417.703,107935327.471,-1571.965,51.9,25113157.508,131970456.209,-129.98,34.6,23649635.172,124279672.242,-1479.406,42.6
2019-03-27 06:47:53,23971180.477,125969427.25,-3329.953,42.5,20539716.961,107936899.636,-1572.395,51.9,25113182.5,131970586.088,-129.582,34.5,23649916.563,124281151.465,-1479.23,42.7
2019-03-27 06:47:54,23971814.305,125972757.217,-3330.066,42.6,20540016.078,107938472.283,-1572.898,52.0,25113207.75,131970715.942,-129.762,34.8,23650197.953,124282630.517,-1479.004,42.5
2019-03-27 06:47:55,23972447.984,125976087.24,-3330.07,42.6,20540315.477,107940045.442,-1573.426,51.4,25113232.328,131970845.798,-129.801,34.3,23650479.695,124284109.426,-1478.84,42.5
2019-03-27 06:47:56,23973081.523,125979417.26,-3330.012,42.7,20540614.766,107941619.066,-1573.848,51.4,25113256.477,131970975.565,-129.797,34.8,23650760.992,124285588.137,-1478.652,42.5
2019-03-27 06:47:57,23973714.828,125982747.33,-3330.121,42.3,20540914.305,107943193.212,-1574.379,51.1,25113281.227,131971105.338,-129.855,35.1,23651042.195,124287066.692,-1478.41,42.5
2019-03-27 06:47:58,23974348.875,125986077.409,-3330.035,42.6,20541214.016,107944767.813,-1574.703,51.2,25113306.156,131971235.056,-129.492,36.0,23651323.516,124288545.054,-1478.234,42.6
2019-03-27 06:47:59,23974982.805,125989407.564,-3330.145,42.5,20541514.0,107946342.955,-1575.426,51.2,25113331.539,131971364.81,-129.637,35.7,23651604.656,124290023.304,-1478.176,42.6
2019-03-27 06:48:00,23975616.203,125992737.76,-3330.184,42.3,20541813.711,107947918.565,-1575.867,51.3,25113355.992,131971494.444,-129.406,36.3,23651886.195,124291501.357,-1477.992,42.6
2019-03-27 06:48:01,23976249.375,125996067.976,-3330.301,42.3,20542113.813,107949494.685,-1576.332,51.6,25113380.641,131971624.197,-129.543,36.7,23652167.5,124292979.258,-1477.828,42.7
2019-03-27 06:48:02,23976883.859,125999398.266,-3330.348,42.4,20542413.75,107951071.309,-1576.828,51.9,25113405.414,131971753.885,-129.957,36.8,23652448.75,124294456.998,-1477.695,42.6
2019-03-27 06:48:03,23977517.789,126002728.552,-3330.379,42.1,20542713.922,107952648.397,-1577.336,52.0,25113430.289,131971883.506,-129.73,36.7,23652730.094,124295934.542,-1477.535,42.7
2019-03-27 06:48:04,23978151.117,126006058.894,-3330.445,42.2,20543013.813,107954226.009,-1577.828,52.1,25113454.773,131972013.092,-129.816,37.0,23653010.953,124297411.939,-1477.273,42.9
2019-03-27 06:48:05,23978785.008,126009389.271,-3330.449,42.5,20543314.211,107955804.091,-1578.426,52.7,25113479.648,131972142.682,-129.563,36.7,23653292.359,124298889.163,-1477.195,42.9
2019-03-27 06:48:06,23979419.125,126012719.654,-3330.457,42.7,20543614.664,107957382.657,-1578.922,52.8,25113503.531,131972272.232,-129.492,37.1,23653573.156,124300366.208,-1477.016,43.0
2019-03-27 06:48:07,23980052.484,126016050.085,-3330.484,42.9,20543915.133,107958961.703,-1579.371,52.9,25113528.43,131972401.763,-129.594,37.0,23653854.211,124301843.065,-1476.82,43.3
2019-03-27 06:48:08,23980686.234,126019380.542,-3330.348,43.1,20544215.75,107960541.269,-1579.801,53.3,25113553.188,131972531.287,-129.555,36.9,23654135.328,124303319.784,-1476.586,43.8
2019-03-27 06:48:09,23981320.375,126022711.099,-3330.715,43.0,20544516.289,107962121.358,-1580.523,53.2,25113578.719,131972660.764,-129.496,37.1,23654415.852,124304796.35,-1476.602,43.7
2019-03-27 06:48:10,23981953.641,126026041.632,-3330.582,43.0,20544816.93,107963701.897,-1580.832,53.7,25113603.281,131972790.228,-129.578,36.2,23654697.133,124306272.725,-1476.281,44.5
2019-03-27 06:48:11,23982587.766,126029372.214,-3330.633,42.9,20545117.898,107965282.951,-1581.395,53.3,25113627.281,131972919.683,-129.531,36.6,23654978.164,124307748.938,-1476.16,44.6
2019-03-27 06:48:12,23983221.469,126032702.83,-3330.668,42.6,20545419.07,107966864.466,-1581.734,52.7,25113651.133,131973049.093,-129.465,36.3,23655258.836,124309224.979,-1475.891,44.6
2019-03-27 06:48:13,23983855.227,126036033.479,-3330.805,42.4,20545720.055,107968446.506,-1582.363,52.7,25113676.445,131973178.509,-129.559,36.1,23655539.477,124310700.866,-1475.867,44.5
2019-03-27 06:48:14,23984489.141,126039364.174,-3330.781,42.7,20546021.211,107970029.019,-1582.84,53.2,25113700.766,131973307.876,-129.57,36.0,23655820.422,124312176.56,-1475.707,44.3
2019-03-27 06:48:15,23985122.641,126042694.872,-3330.758,42.8,20546322.531,107971612.014,-1583.277,53.2,25113724.211,131973437.181,-129.375,35.4,23656101.367,124313652.088,-1475.449,44.6
2019-03-27 06:48:16,23985756.797,126046025.621,-3330.797,42.6,20546623.75,107973195.513,-1583.809,53.2,25113749.406,131973566.528,-129.41,35.2,23656382.367,124315127.467,-1475.289,44.6
2019-03-27 06:48:17,23986390.492,126049356.42,-3331.0,42.5,20546925.203,107974779.512,-1584.371,52.4,25113775.086,131973695.787,-129.309,35.4,23656662.977,124316602.673,-1475.211,45.2
2019-03-27 06:48:18,23987024.391,126052687.223,-3330.797,42.7,20547226.547,107976363.965,-1584.648,52.2,25113800.07,131973825.067,-129.238,35.8,23656943.516,124318077.685,-1474.879,44.9
2019-03-27 06:48:19,23987657.945,126056018.085,-3330.887,42.8,20547528.352,107977948.97,-1585.266,52.7,25113825.281,131973954.306,-129.211,36.5,23657224.031,124319552.581,-1474.801,44.8
2019-03-27 06:48:20,23988291.672,126059348.985,-3330.934,42.6,20547830.07,107979534.446,-1585.723,52.9,25113849.813,131974083.552,-129.406,36.1,23657504.984,124321027.285,-1474.707,44.8
2019-03-27 06:48:21,23988925.734,126062679.902,-3331.016,42.5,20548131.898,107981120.403,-1586.328,53.0,25113874.977,131974212.752,-129.156,36.1,23657785.133,124322501.811,-1474.488,44.5
2019-03-27 06:48:22,23989559.617,126066010.869,-3331.102,42.3,20548433.344,107982706.863,-1586.813,53.0,25113898.914,131974341.914,-129.234,35.6,23658065.914,124323976.176,-1474.355,44.4
2019-03-27 06:48:23,23990193.805,126069341.872,-3331.176,42.6,20548735.656,107984293.791,-1587.301,53.4,25113923.305,131974471.023,-129.242,36.2,23658346.461,124325450.376,-1474.176,45.0
2019-03-27 06:48:24,23990827.133,126072672.888,-3331.07,42.6,20549037.547,107985881.209,-1587.668,52.9,25113948.125,131974600.182,-129.289,36.6,23658626.711,124326924.401,-1473.945,44.8
2019-03-27 06:48:25,23991461.117,126076003.963,-3331.043,42.8,20549340.055,107987469.175,-1588.305,52.9,25113971.781,131974729.299,-129.363,36.3,23658907.859,124328398.279,-1473.793,44.7
2019-03-27 06:48:26,23992094.945,126079335.044,-3331.145,42.4,20549642.492,107989057.561,-1588.652,52.8,25113995.328,131974858.332,-129.242,35.9,23659187.992,124329871.945,-1473.563,44.7
2019-03-27 06:48:27,23992728.695,126082666.183,-3331.184,42.6,20549944.531,107990646.499,-1589.262,52.6,25114020.672,131974987.395,-129.199,36.4,23659467.797,124331345.495,-1473.59,44.4
2019-03-27 06:48:28,23993363.305,126085997.357,-3331.184,42.2,20550247.031,107992235.868,-1589.598,52.7,25114045.625,131975116.394,-129.09,36.4,23659748.195,124332818.829,-1473.27,44.7
2019-03-27 06:48:29,23993996.297,126089328.546,-3331.258,42.3,20550549.664,107993825.761,-1590.219,53.0,25114069.5,131975245.361,-129.008,37.3,23660029.227,124334292.012,-1473.211,44.6
2019-03-27 06:48:30,23994631.266,126092659.807,-3331.426,42.2,20550852.078,107995416.157,-1590.762,53.0,25114094.57,131975374.303,-128.648,37.5,23660309.469,124335765.042,-1473.035,44.6
2019-03-27 06:48:31,23995264.578,126095991.05,-3331.336,42.4,20551154.813,107997007.031,-1591.195,52.8,25114119.758,131975503.258,-129.145,36.4,23660589.797,124337237.902,-1472.82,44.7
2019-03-27 06:48:32,23995898.43,126099322.399,-3331.367,42.4,20551457.539,107998598.413,-1591.613,53.0,25114144.172,131975632.211,-129.121,37.3,23660869.742,124338710.627,-1472.711,44.6
2019-03-27 06:48:33,23996532.805,126102653.712,-3331.375,42.4,20551760.656,108000190.254,-1592.066,53.2,25114167.563,131975761.081,-128.898,37.1,23661150.234,124340183.134,-1472.438,45.0
2019-03-27 06:48:34,23997166.125,126105985.091,-3331.363,41.6,20552063.68,108001782.601,-1592.516,52.8,25114191.891,131975889.92,-128.871,36.9,23661430.031,124341655.49,-1472.23,45.5
2019-03-27 06:48:35,23997800.227,126109316.511,-3331.516,42.1,20552366.883,108003375.476,-1593.254,53.1,25114216.711,131976018.838,-129.082,36.3,23661710.031,124343127.714,-1472.227,45.2
2019-03-27 06:48:36,23998433.68,126112647.947,-3331.512,42.6,20552669.852,108004968.808,-1593.691,53.0,25114241.789,131976147.577,-128.918,36.6,23661990.422,124344599.751,-1472.129,45.2
2019-03-27 06:48:37,23999068.766,126115979.42,-3331.508,42.6,20552973.578,108006562.606,-1594.098,53.3,25114266.313,131976276.389,-128.82,36.7,23662270.414,124346071.589,-1471.762,45.5
2019-03-27 06:48:38,23999702.602,126119310.941,-3331.605,42.7,20553276.898,108008156.908,-1594.52,53.4,25114290.773,131976405.116,-128.777,36.8,23662551.031,124347543.256,-1471.57,45.2
2019-03-27 06:48:39,24000336.766,126122642.462,-3331.668,42.8,20553580.391,108009751.711,-1595.203,53.3,25114314.625,131976533.877,-128.898,36.2,23662830.781,124349014.795,-1471.563,45.1
2019-03-27 06:48:40,24000969.602,126125973.984,-3331.41,42.8,20553883.727,108011346.981,-1595.473,53.2,25114338.664,131976662.546,-128.555,36.3,23663110.633,124350486.124,-1471.234,45.4
2019-03-27 06:48:41,24001604.008,126129305.598,-3331.598,42.6,20554187.547,108012942.751,-1596.039,53.6,25114363.164,131976791.235,-128.754,36.4,23663391.07,124351957.301,-1471.109,45.1
2019-03-27 06:48:42,24002238.617,126132637.237,-3331.535,42.2,20554491.102,108014539.034,-1596.484,53.7,25114387.016,131976919.856,-128.547,36.5,23663670.867,124353428.33,-1470.984,45.2
2019-03-27 06:48:43,24002871.727,126135968.928,-3331.863,42.1,20554794.82,108016135.802,-1597.078,53.5,25114412.195,131977048.518,-128.648,36.4,23663950.148,124354899.174,-1470.887,45.5
2019-03-27 06:48:44,24003506.008,126139300.603,-3331.617,42.5,20555099.125,108017733.054,-1597.5,53.0,25114436.047,131977177.118,-128.672,36.9,23664230.016,124356369.842,-1470.613,45.6
2019-03-27 06:48:45,24004140.383,126142632.358,-3331.809,42.8,20555403.07,108019330.802,-1598.094,52.8,25114460.797,131977305.702,-128.543,36.6,23664509.977,124357840.36,-1470.555,45.4
2019-03-27 06:48:46,24004774.375,126145964.103,-3331.707,43.0,20555707.281,108020929.02,-1598.48,53.2,25114485.047,131977434.229,-128.66,36.2,23664789.828,124359310.696,-1470.293,45.0
2019-03-27 06:48:47,24005408.398,126149295.926,-3331.922,43.3,20556011.484,108022527.75,-1599.02,53.4,25114509.797,131977562.788,-128.691,36.9,23665069.641,124360780.872,-1470.102,45.1
2019-03-27 06:48:48,24006042.398,126152627.741,-3331.938,42.6,20556315.773,108024126.958,-1599.582,53.2,25114534.727,131977691.283,-128.52,36.4,23665349.531,124362250.873,-1469.996,45.0
2019-03-27 06:48:49,24006676.594,126155959.59,-3331.984,42.6,20556619.859,108025726.649,-1600.059,53.2,25114559.43,131977819.742,-128.48,37.0,23665629.313,124363720.715,-1469.871,45.0
2019-03-27 06:48:50,24007310.844,126159291.485,-3331.992,43.0,20556924.703,108027326.824,-1600.457,53.3,25114583.641,131977948.184,-128.383,36.9,23665908.711,124365190.382,-1469.703,45.3
2019-03-27 06:48:51,24007944.813,126162623.401,-3331.957,42.6,20557229.18,108028927.494,-1600.953,53.1,25114608.703,131978076.598,-128.438,37.1,23666188.609,124366659.872,-1469.441,45.3
2019-03-27 06:48:52,24008578.609,126165955.37,-3332.02,42.5,20557533.883,108030528.671,-1601.457,53.1,25114632.078,131978204.998,-128.301,37.1,23666468.25,124368129.201,-1469.336,45.1
2019-03-27 06:48:53,24009212.969,126169287.357,-3331.984,43.1,20557838.289,108032130.322,-1602.02,52.9,25114656.023,131978333.38,-128.613,37.4,23666747.555,124369598.364,-1469.156,45.3
2019-03-27 06:48:54,24009846.469,126172619.363,-3332.09,42.9,20558143.367,108033732.459,-1602.422,52.7,25114680.539,131978461.697,-128.363,37.3,23667027.25,124371067.364,-1468.926,45.9
2019-03-27 06:48:55,24010480.594,126175951.406,-3332.148,43.2,20558448.328,108035335.075,-1602.914,52.6,25114705.039,131978590.001,-128.32,37.4,23667306.625,124372536.182,-1468.711,45.8
2019-03-27 06:48:56,24011114.578,126179283.518,-3332.117,42.5,20558753.336,108036938.226,-1603.457,52.5,25114729.93,131978718.306,-128.363,37.7,23667585.781,124374004.872,-1468.738,45.4
2019-03-27 06:48:57,24011748.789,126182615.652,-3332.234,42.8,20559058.852,108038541.839,-1603.867,52.8,25114754.078,131978846.617,-128.512,37.4,23667865.805,124375473.369,-1468.531,45.3
2019-03-27 06:48:58,24012382.453,126185947.785,-3332.086,42.5,20559363.742,108040145.953,-1604.293,52.9,25114778.836,131978974.846,-128.402,37.1,23668144.789,124376941.699,-1468.234,45.2
2019-03-27 06:48:59,24013017.156,126189279.961,-3332.09,42.7,20559669.289,108041750.525,-1604.781,52.7,25114803.305,131979103.023,-128.16,37.1,23668424.445,124378409.847,-1468.004,45.0
2019-03-27 06:49:00,24013651.188,126192612.188,-3332.297,42.3,20559974.906,108043355.617,-1605.367,52.8,25114826.555,131979231.192,-128.203,37.2,23668703.414,124379877.86,-1468.008,44.6
2019-03-27 06:49:01,24014285.234,126195944.427,-3332.313,42.5,20560280.117,108044961.189,-1605.832,52.8,25114851.094,131979359.33,-127.988,37.6,23668983.383,124381345.703,-1467.785,44.5
2019-03-27 06:49:02,24014919.172,126199276.709,-3332.266,42.6,20560585.641,108046567.262,-1606.316,52.9,25114876.375,131979487.479,-128.02,37.3,23669262.352,124382813.363,-1467.637,44.3
2019-03-27 06:49:03,24015553.961,126202609.015,-3332.203,43.0,20560891.266,108048173.801,-1606.727,52.8,25114900.141,131979615.579,-127.965,37.0,23669541.289,124384280.874,-1467.438,44.6
2019-03-27 06:49:04,24016187.164,126205941.399,-3332.434,42.9,20561197.078,108049780.874,-1607.375,52.8,25114924.633,131979743.7,-128.102,36.8,23669820.781,124385748.226,-1467.309,44.6
2019-03-27 06:49:05,24016821.297,126209273.739,-3332.355,42.6,20561503.078,108051388.408,-1607.828,52.5,25114949.391,131979871.725,-128.0,36.1,23670100.016,124387215.38,-1467.113,45.0
2019-03-27 06:49:06,24017455.906,126212606.152,-3332.586,43.0,20561809.156,108052996.403,-1608.336,52.5,25114973.383,131979999.749,-128.234,36.1,23670379.313,124388682.384,-1467.043,45.3
2019-03-27 06:49:07,24018089.961,126215938.563,-3332.465,42.9,20562115.367,108054604.88,-1608.734,53.0,25114998.109,131980127.647,-127.953,35.9,23670658.406,124390149.188,-1466.785,45.4
2019-03-27 06:49:08,24018723.672,126219271.017,-3332.395,43.0,20562421.508,108056213.871,-1609.105,53.0,25115022.578,131980255.607,-127.773,35.4,23670937.344,124391615.842,-1466.445,45.5
2019-03-27 06:49:09,24019358.227,126222603.496,-3332.52,43.0,20562727.883,108057823.34,-1609.762,53.1,25115046.727,131980383.539,-127.953,35.2,23671216.344,124393082.312,-1466.363,45.0
2019-03-27 06:49:10,24019992.625,126225936.044,-3332.551,43.1,20563034.031,108059433.32,-1610.219,53.0,25115069.961,131980511.43,-127.871,35.0,23671495.547,124394548.667,-1466.242,45.5
2019-03-27 06:49:11,24020626.5,126229268.598,-3332.66,42.8,20563340.391,108061043.765,-1610.688,53.4,25115094.414,131980639.271,-127.844,35.5,23671774.898,124396014.813,-1466.027,45.6
2019-03-27 06:49:12,24021261.414,126232601.179,-3332.637,42.8,20563647.195,108062654.713,-1611.281,53.4,25115119.078,131980767.15,-128.047,36.0,23672053.352,124397480.821,-1466.039,45.7
2019-03-27 06:49:13,24021894.781,126235933.806,-3332.73,42.9,20563953.844,108064266.154,-1611.813,53.3,25115143.297,131980894.936,-127.855,37.1,23672332.156,124398946.618,-1465.723,44.9
2019-03-27 06:49:14,24022529.359,126239266.427,-3332.613,42.6,20564260.578,108065878.047,-1612.172,53.4,25115168.352,131981022.74,-127.816,37.7,23672611.438,124400412.26,-1465.52,45.5
2019-03-27 06:49:15,24023163.703,126242599.096,-3332.75,42.6,20564567.484,108067490.445,-1612.66,53.4,25115192.75,131981150.475,-127.699,37.5,23672890.375,124401877.74,-1465.355,45.0
2019-03-27 06:49:16,24023797.789,126245931.77,-3332.68,42.9,20564874.258,108069103.328,-1613.148,53.0,25115217.781,131981278.165,-127.531,37.7,23673169.313,124403343.041,-1465.141,45.0
2019-03-27 06:49:17,24024431.953,126249264.529,-3332.809,42.9,20565181.148,108070716.711,-1613.664,52.9,25115241.93,131981405.919,-127.766,37.4,23673448.086,124404808.217,-1465.063,44.6
2019-03-27 06:49:18,24025066.055,126252597.294,-3332.723,43.0,20565488.344,108072330.589,-1614.227,53.0,25115265.453,131981533.602,-127.688,37.6,23673726.82,124406273.206,-1464.918,44.1
2019-03-27 06:49:19,24025700.414,126255930.071,-3332.75,42.8,20565795.344,108073944.942,-1614.703,53.0,25115289.141,131981661.251,-127.801,37.9,23674005.516,124407738.018,-1464.797,44.1
2019-03-27 06:49:20,24026334.508,126259262.932,-3332.949,42.5,20566102.727,108075559.794,-1615.188,52.9,25115314.07,131981788.845,-127.547,37.6,23674284.398,124409202.693,-1464.719,44.6
2019-03-27 06:49:21,24026968.813,126262595.746,-3332.898,43.1,20566410.383,108077175.097,-1615.602,53.0,25115337.539,131981916.426,-127.566,37.7,23674562.688,124410667.139,-1464.461,44.4
2019-03-27 06:49:22,24027602.406,126265928.625,-3332.957,43.0,20566717.438,108078790.9,-1616.145,53.0,25115362.523,131982043.924,-127.578,37.9,23674841.523,124412131.432,-1464.203,44.3
2019-03-27 06:49:23,24028237.0,126269261.551,-3332.945,43.0,20567025.367,108080407.198,-1616.555,52.7,25115386.711,131982171.468,-127.543,38.2,23675119.82,124413595.57,-1464.086,43.9
2019-03-27 06:49:24,24028871.688,126272594.484,-3333.039,43.0,20567333.055,108082023.981,-1616.984,52.1,25115411.523,131982298.964,-127.535,38.1,23675398.594,124415059.533,-1463.844,43.7
2019-03-27 06:49:25,24029506.031,126275927.425,-3333.047,43.4,20567640.953,108083641.242,-1617.637,52.0,25115435.484,131982426.403,-127.535,38.0,23675677.305,124416523.309,-1463.707,43.8
2019-03-27 06:49:26,24030139.828,126279260.425,-3333.055,43.2,20567948.828,108085258.996,-1617.98,52.3,25115459.477,131982553.85,-127.559,37.7,23675955.938,124417986.944,-1463.566,43.4
2019-03-27 06:49:27,24030774.102,126282593.46,-3333.156,42.9,20568256.57,108086877.24,-1618.531,52.3,25115483.617,131982681.212,-127.281,37.2,23676234.375,124419450.412,-1463.41,43.4
2019-03-27 06:49:28,24031408.125,126285926.48,-3333.078,42.5,20568564.281,108088495.957,-1618.969,52.3,25115507.305,131982808.572,-127.398,37.7,23676512.703,124420913.698,-1463.223,43.6
2019-03-27 06:49:29,24032042.914,126289259.547,-3333.168,43.0,20568872.805,108090115.155,-1619.418,52.6,25115531.273,131982935.897,-127.211,37.4,23676791.219,124422376.808,-1463.109,43.7
2019-03-27 06:49:30,24032676.836,126292592.652,-3333.207,43.0,20569180.945,108091734.866,-1620.008,52.9,25115556.539,131983063.239,-127.539,36.5,23677069.805,124423839.776,-1462.895,43.6
2019-03-27 06:49:31,24033311.258,126295925.773,-3333.098,43.1,20569489.141,108093355.031,-1620.461,52.5,25115580.57,131983190.523,-127.32,36.4,23677347.961,124425302.556,-1462.766,43.5
2019-03-27 06:49:32,24033945.563,126299258.931,-3333.176,43.7,20569797.82,108094975.682,-1620.875,52.4,25115604.898,131983317.717,-127.277,36.2,23677626.438,124426765.172,-1462.613,43.6
2019-03-27 06:49:33,24034579.477,126302592.123,-3333.199,43.3,20570106.242,108096596.853,-1621.43,52.4,25115628.016,131983444.952,-127.363,36.3,23677904.438,124428227.627,-1462.375,43.7
2019-03-27 06:49:34,24035214.023,126305925.354,-3333.207,43.2,20570414.844,108098218.515,-1621.977,52.6,25115652.734,131983572.163,-127.25,35.6,23678182.914,124429689.918,-1462.199,43.9
2019-03-27 06:49:35,24035847.852,126309258.603,-3333.395,43.1,20570723.242,108099840.616,-1622.402,52.3,25115677.664,131983699.321,-127.348,35.7,23678460.891,124431152.017,-1462.031,44.0
2019-03-27 06:49:36,24036483.141,126312591.852,-3333.316,43.4,20571031.984,108101463.216,-1622.852,52.5,25115701.484,131983826.457,-127.207,35.1,23678739.117,124432613.967,-1461.879,44.1
2019-03-27 06:49:37,24037117.328,126315925.152,-3333.293,43.0,20571340.969,108103086.31,-1623.344,52.9,25115725.773,131983953.535,-127.113,35.7,23679017.375,124434075.742,-1461.734,44.3
2019-03-27 06:49:38,24037751.18,126319258.454,-3333.379,43.1,20571649.875,108104709.873,-1623.875,52.8,25115748.992,131984080.6,-127.055,35.4,23679295.75,124435537.336,-1461.523,44.2
2019-03-27 06:49:39,24038385.336,126322591.807,-3333.43,43.0,20571959.18,108106333.917,-1624.262,52.9,25115774.234,131984207.604,-126.906,35.4,23679573.828,124436998.759,-1461.309,44.3
2019-03-27 06:49:40,24039019.914,126325925.168,-3333.363,43.1,20572268.336,108107958.455,-1624.797,52.9,25115798.125,131984334.573,-126.863,35.5,23679851.789,124438460.029,-1461.223,44.3
2019-03-27 06:49:41,24039653.867,126329258.556,-3333.496,43.0,20572577.195,108109583.469,-1625.258,52.4,25115823.109,131984461.566,-127.012,35.9,23680129.938,124439921.104,-1461.035,44.0
2019-03-27 06:49:42,24040288.578,126332591.984,-3333.434,43.0,20572886.555,108111208.978,-1625.77,51.9,25115846.961,131984588.488,-127.051,36.1,23680407.844,124441382.052,-1460.867,44.1
2019-03-27 06:49:43,24040922.508,126335925.399,-3333.32,43.4,20573195.969,108112834.972,-1626.168,51.8,25115871.258,131984715.401,-126.797,36.1,23680685.805,124442842.799,-1460.66,44.1
2019-03-27 06:49:44,24041557.57,126339258.891,-3333.43,43.7,20573505.945,108114461.447,-1626.656,51.8,25115894.734,131984842.317,-126.93,35.9,23680963.727,124444303.405,-1460.504,43.9
2019-03-27 06:49:45,24042191.633,126342592.413,-3333.391,43.1,20573815.578,108116088.409,-1627.066,52.5,25115919.219,131984969.157,-126.859,36.3,23681241.492,124445763.832,-1460.266,43.9
2019-03-27 06:49:46,24042826.148,126345925.944,-3333.574,43.3,20574125.156,108117715.859,-1627.797,52.1,25115942.93,131985096.018,-127.063,36.0,23681519.227,124447224.08,-1460.215,44.1
2019-03-27 06:49:47,24043460.578,126349259.521,-3333.566,42.9,20574434.734,108119343.797,-1628.176,52.3,25115967.461,131985222.798,-126.91,35.9,23681797.469,124448684.194,-1460.051,44.0
2019-03-27 06:49:48,24044094.625,126352593.118,-3333.539,42.7,20574744.641,108120972.204,-1628.555,52.2,25115990.609,131985349.534,-126.707,36.0,23682074.977,124450144.132,-1459.711,44.4
2019-03-27 06:49:49,24044729.352,126355926.776,-3333.699,42.9,20575054.414,108122601.16,-1629.203,51.7,25116015.555,131985476.298,-126.785,36.4,23682352.969,124451603.952,-1459.832,44.1
2019-03-27 06:49:50,24045363.625,126359260.426,-3333.629,43.4,20575364.484,108124230.551,-1629.586,51.8,25116040.414,131985603.029,-126.535,37.1,23682630.672,124453063.547,-1459.59,43.8
2019-03-27 06:49:51,24045997.938,126362594.104,-3333.738,43.3,20575674.664,108125860.412,-1630.086,52.1,25116064.445,131985729.645,-126.441,37.2,23682908.789,124454522.965,-1459.238,44.1
2019-03-27 06:49:52,24046632.242,126365927.829,-3333.867,43.2,20575985.219,108127490.801,-1630.645,51.9,25116089.133,131985856.352,-126.684,37.1,23683186.164,124455982.273,-1459.305,44.5
2019-03-27 06:49:53,24047267.047,126369261.518,-3333.711,43.5,20576295.344,108129121.626,-1631.051,51.9,25116113.359,131985982.974,-126.605,36.8,23683463.641,124457441.358,-1459.02,43.6
2019-03-27 06:49:54,24047901.422,126372595.281,-3333.758,43.5,20576605.844,108130752.976,-1631.629,52.6,25116136.727,131986109.558,-126.512,36.9,23683740.953,124458900.306,-1458.988,43.6
2019-03-27 06:49:55,24048535.484,126375929.071,-3333.824,43.3,20576916.672,108132384.768,-1632.055,52.9,25116160.633,131986236.106,-126.621,36.4,23684018.961,124460359.057,-1458.75,44.1
2019-03-27 06:49:56,24049169.844,126379262.88,-3333.773,42.6,20577227.094,108134017.066,-1632.594,53.2,25116184.023,131986362.624,-126.512,36.3,23684297.086,124461817.638,-1458.574,43.8
2019-03-27 06:49:57,24049804.844,126382596.71,-3333.844,43.4,20577537.672,108135649.828,-1632.988,53.2,25116208.508,131986489.069,-126.258,36.6,23684573.953,124463276.053,-1458.332,43.8
2019-03-27 06:49:58,24050438.828,126385930.522,-3333.754,43.8,20577848.656,108137283.083,-1633.488,52.9,25116231.359,131986615.508,-126.34,36.2,23684851.523,124464734.29,-1458.102,44.1
2019-03-27 06:49:59,24051073.039,126389264.406,-3333.871,43.6,20578159.414,108138916.805,-1634.031,52.8,25116255.875,131986741.947,-126.5,36.9,23685129.258,124466192.378,-1458.082,44.1
2019-03-27 06:50:00,24051707.828,126392598.31,-3333.91,44.1,20578470.453,108140551.026,-1634.34,52.3,25116281.117,131986868.283,-126.055,37.2,23685406.016,124467650.259,-1457.641,43.9
2019-03-27 06:50:01,24052342.063,126395932.246,-3333.965,43.6,20578781.453,108142185.74,-1634.98,53.0,25116305.148,131986994.697,-126.418,36.8,23685684.242,124469108.036,-1457.691,43.9
2019-03-27 06:50:02,24052976.43,126399266.176,-3333.973,43.6,20579092.891,108143820.911,-1635.445,53.1,25116329.297,131987120.946,-126.277,37.7,23685961.07,124470565.597,-1457.516,44.3
2019-03-27 06:50:03,24053611.227,126402600.165,-3334.031,43.6,20579403.914,108145456.57,-1635.852,52.8,25116353.0,131987247.285,-126.289,37.4,23686238.602,124472023.035,-1457.391,44.3
2019-03-27 06:50:04,24054245.359,126405934.149,-3333.988,43.9,20579715.156,108147092.713,-1636.355,52.9,25116376.883,131987373.537,-126.18,37.5,23686515.945,124473480.262,-1457.184,44.0
2019-03-27 06:50:05,24054879.422,126409268.173,-3334.172,43.8,20580026.789,108148729.354,-1636.992,53.0,25116401.906,131987499.756,-126.387,37.1,23686793.102,124474937.337,-1457.113,44.1
2019-03-27 06:50:06,24055514.469,126412602.2,-3333.969,43.3,20580338.234,108150366.448,-1637.395,53.0,25116425.859,131987625.905,-126.156,37.9,23687070.25,124476394.224,-1456.801,44.7
2019-03-27 06:50:07,24056149.016,126415936.305,-3334.152,43.6,20580649.859,108152004.053,-1637.91,52.8,25116448.555,131987752.097,-126.305,37.6,23687347.664,124477850.965,-1456.723,44.9
2019-03-27 06:50:08,24056783.219,126419270.41,-3334.117,43.2,20580961.742,108153642.151,-1638.469,52.9,25116472.5,131987878.208,-126.188,37.4,23687624.484,124479307.545,-1456.602,44.6
2019-03-27 06:50:09,24057417.445,126422604.531,-3334.113,42.6,20581273.273,108155280.716,-1638.828,52.7,25116497.258,131988004.355,-126.227,37.7,23687902.164,124480763.954,-1456.344,44.4
2019-03-27 06:50:10,24058052.031,126425938.658,-3334.039,43.3,20581585.352,108156919.728,-1639.313,52.6,25116521.734,131988130.354,-126.277,37.5,23688179.398,124482220.148,-1456.121,43.9
2019-03-27 06:50:11,24058686.977,126429272.859,-3334.207,43.4,20581897.438,108158559.268,-1639.77,52.7,25116545.023,131988256.36,-126.047,37.5,23688456.367,124483676.228,-1455.918,44.1
2019-03-27 06:50:12,24059321.211,126432607.067,-3334.199,43.6,20582209.18,108160199.282,-1640.246,52.8,25116568.625,131988382.383,-126.051,37.5,23688733.242,124485132.131,-1455.801,44.6
2019-03-27 06:50:13,24059955.992,126435941.29,-3334.211,44.0,20582521.648,108161839.773,-1640.691,52.9,25116592.695,131988508.333,-125.836,37.7,23689010.641,124486587.859,-1455.625,44.9
2019-03-27 06:50:14,24060590.375,126439275.523,-3334.211,43.8,20582833.969,108163480.757,-1641.32,52.7,25116616.82,131988634.265,-126.004,38.1,23689288.063,124488043.439,-1455.551,44.8
2019-03-27 06:50:15,24061224.531,126442609.788,-3334.313,43.7,20583146.289,108165122.19,-1641.695,52.7,25116641.32,131988760.131,-125.816,37.8,23689564.398,124489498.798,-1455.215,44.9
2019-03-27 06:50:16,24061859.094,126445944.083,-3334.246,42.9,20583458.578,108166764.139,-1642.191,52.9,25116666.039,131988886.002,-125.727,37.9,23689841.336,124490954.042,-1455.133,45.0
2019-03-27 06:50:17,24062493.211,126449278.414,-3334.41,43.2,20583771.039,108168406.548,-1642.711,52.5,25116690.242,131989011.821,-125.895,38.2,23690118.719,124492409.094,-1454.973,44.8
2019-03-27 06:50:18,24063128.055,126452612.751,-3334.328,43.6,20584083.813,108170049.44,-1643.125,53.0,25116713.461,131989137.603,-125.762,38.9,23690395.297,124493863.986,-1454.855,44.8
2019-03-27 06:50:19,24063762.203,126455947.124,-3334.484,43.4,20584396.406,108171692.808,-1643.684,53.0,25116738.406,131989263.34,-125.645,39.2,23690671.688,124495318.694,-1454.582,44.8
2019-03-27 06:50:20,24064396.719,126459281.496,-3334.418,43.1,20584708.992,108173336.661,-1644.055,53.0,25116760.531,131989389.081,-125.723,39.9,23690948.516,124496773.25,-1454.426,44.6
2019-03-27 06:50:21,24065031.992,126462615.887,-3334.414,43.3,20585021.992,108174980.997,-1644.629,53.2,25116784.648,131989514.752,-125.762,40.1,23691225.555,124498227.626,-1454.359,44.9
2019-03-27 06:50:22,24065666.148,126465950.35,-3334.594,43.4,20585335.188,108176625.829,-1645.184,53.3,25116808.102,131989640.41,-125.723,40.2,23691501.898,124499681.842,-1454.176,45.0
2019-03-27 06:50:23,24066300.211,126469284.808,-3334.52,43.2,20585648.516,108178271.143,-1645.551,53.4,25116831.523,131989766.021,-125.516,40.1,23691778.797,124501135.884,-1453.91,44.9
2019-03-27 06:50:24,24066935.219,126472619.302,-3334.551,43.2,20585961.641,108179916.961,-1646.23,53.7,25116855.813,131989891.632,-125.738,40.6,23692054.992,124502589.797,-1453.93,45.0
2019-03-27 06:50:25,24067569.961,126475953.836,-3334.707,42.6,20586275.016,108181563.23,-1646.613,53.6,25116880.461,131990017.18,-125.594,40.5,23692332.43,124504043.518,-1453.715,44.7
2019-03-27 06:50:26,24068203.883,126479288.336,-3334.605,43.1,20586588.328,108183209.958,-1646.965,53.2,25116903.938,131990142.695,-125.504,40.4,23692609.07,124505497.044,-1453.516,45.2
2019-03-27 06:50:27,24068838.766,126482622.898,-3334.504,42.9,20586901.383,108184857.185,-1647.477,52.8,25116927.422,131990268.195,-125.5,40.9,23692885.227,124506950.425,-1453.215,45.2
2019-03-27 06:50:28,24069473.586,126485957.488,-3334.566,43.2,20587215.32,108186504.91,-1647.988,52.8,25116951.523,131990393.669,-125.527,40.8,23693161.563,124508403.653,-1453.109,45.0
2019-03-27 06:50:29,24070107.813,126489292.081,-3334.723,43.2,20587528.789,108188153.114,-1648.566,52.3,25116976.008,131990519.096,-125.441,39.9,23693438.602,124509856.718,-1453.035,44.9
2019-03-27 06:50:30,24070742.43,126492626.702,-3334.613,43.1,20587842.625,108189801.765,-1648.879,52.1,25116999.672,131990644.465,-125.219,40.5,23693714.984,124511309.603,-1452.801,45.1
2019-03-27 06:50:31,24071376.648,126495961.35,-3334.711,43.1,20588156.344,108191450.921,-1649.383,52.4,25117023.328,131990769.835,-125.414,39.8,23693990.664,124512762.342,-1452.684,45.1
2019-03-27 06:50:32,24072011.133,126499296.024,-3334.734,43.1,20588470.297,108193100.555,-1649.832,52.4,25117047.578,131990895.123,-125.156,40.0,23694268.211,124514214.888,-1452.367,44.9
2019-03-27 06:50:33,24072646.063,126502630.719,-3334.828,43.0,20588784.344,108194750.688,-1650.539,53.1,25117071.391,131991020.428,-125.309,39.8,23694544.188,124515667.302,-1452.477,44.6
2019-03-27 06:50:34,24073280.68,126505965.425,-3334.738,42.9,20589098.641,108196401.246,-1650.781,52.9,25117095.5,131991145.675,-125.273,39.4,23694820.922,124517119.5,-1452.117,44.5
2019-03-27 06:50:35,24073914.992,126509300.163,-3334.859,43.4,20589412.852,108198052.329,-1651.336,53.1,25117118.719,131991270.892,-125.27,38.9,23695096.93,124518571.558,-1452.02,44.5
2019-03-27 06:50:36,24074549.492,126512634.882,-3334.809,43.0,20589726.711,108199703.85,-1651.816,53.2,25117142.578,131991396.057,-125.246,39.0,23695372.867,124520023.413,-1451.738,44.5
2019-03-27 06:50:37,24075184.148,126515969.664,-3334.773,43.3,20590041.141,108201355.889,-1652.402,52.9,25117165.961,131991521.23,-125.27,39.0,23695649.305,124521475.15,-1451.723,44.9
2019-03-27 06:50:38,24075819.063,126519304.444,-3334.816,43.4,20590355.492,108203008.365,-1652.746,52.9,25117190.695,131991646.303,-125.133,39.0,23695925.523,124522926.676,-1451.516,45.0
2019-03-27 06:50:39,24076453.617,126522639.287,-3334.914,43.2,20590670.031,108204661.375,-1653.324,52.7,25117214.477,131991771.383,-125.137,39.7,23696201.766,124524378.069,-1451.375,44.7
2019-03-27 06:50:40,24077088.406,126525974.103,-3334.844,43.2,20590984.617,108206314.823,-1653.715,52.4,25117238.32,131991896.415,-125.109,40.2,23696477.938,124525829.264,-1451.191,44.4
2019-03-27 06:50:41,24077722.938,126529308.956,-3334.859,43.4,20591299.57,108207968.773,-1654.289,51.8,25117261.203,131992021.426,-125.043,40.3,23696753.789,124527280.3,-1450.992,44.5
2019-03-27 06:50:42,24078357.398,126532643.825,-3334.945,43.2,20591614.672,108209623.182,-1654.629,52.3,25117285.859,131992146.374,-124.891,40.0,23697029.734,124528731.164,-1450.754,44.6
2019-03-27 06:50:43,24078992.164,126535978.729,-3334.883,42.8,20591929.625,108211278.079,-1655.191,52.1,25117309.531,131992271.349,-125.035,39.9,23697306.125,124530181.858,-1450.66,44.6
2019-03-27 06:50:44,24079626.992,126539313.673,-3335.008,42.6,20592244.484,108212933.467,-1655.707,52.4,25117333.055,131992396.236,-124.926,39.9,23697581.984,124531632.382,-1450.438,44.5
2019-03-27 06:50:45,24080261.125,126542648.614,-3334.992,43.0,20592559.469,108214589.32,-1656.09,52.3,25117356.219,131992521.105,-124.84,40.0,23697857.938,124533082.773,-1450.246,44.6
2019-03-27 06:50:46,24080896.094,126545983.6,-3335.051,42.7,20592874.547,108216245.666,-1656.684,52.8,25117379.688,131992645.966,-124.91,40.2,23698133.984,124534532.969,-1450.168,44.9
2019-03-27 06:50:47,24081530.578,126549318.578,-3334.98,42.8,20593189.719,108217902.449,-1656.918,52.9,25117403.813,131992770.732,-124.633,40.2,23698410.172,124535982.964,-1449.82,45.1
2019-03-27 06:50:48,24082165.242,126552653.57,-3335.055,42.4,20593505.297,108219559.772,-1657.555,53.0,25117428.203,131992895.513,-124.746,39.7,23698685.648,124537432.861,-1449.793,45.3
2019-03-27 06:50:49,24082799.195,126555988.611,-3335.02,42.0,20593820.703,108221217.535,-1658.039,53.0,25117452.273,131993020.22,-124.602,40.6,23698961.82,124538882.533,-1449.52,44.9
2019-03-27 06:50:50,24083434.102,126559323.662,-3335.105,42.3,20594136.117,108222875.777,-1658.473,53.2,25117475.898,131993144.93,-124.727,40.6,23699237.719,124540332.05,-1449.453,44.7
2019-03-27 06:50:51,24084069.016,126562658.76,-3335.09,42.1,20594451.758,108224534.528,-1658.969,53.0,25117500.102,131993269.608,-124.531,40.9,23699513.359,124541781.428,-1449.309,45.0
2019-03-27 06:50:52,24084703.508,126565993.875,-3335.145,42.2,20594767.391,108226193.766,-1659.559,52.5,25117523.688,131993394.255,-124.715,40.2,23699788.977,124543230.63,-1449.18,44.7
2019-03-27 06:50:53,24085338.547,126569328.979,-3335.004,42.6,20595083.305,108227853.451,-1659.789,52.1,25117546.734,131993518.828,-124.41,40.3,23700065.063,124544679.638,-1448.922,44.7
2019-03-27 06:50:54,24085972.469,126572664.123,-3335.27,42.6,20595399.359,108229513.643,-1660.523,52.2,25117570.625,131993643.41,-124.516,40.3,23700340.414,124546128.482,-1448.82,44.5
2019-03-27 06:50:55,24086607.305,126575999.321,-3335.23,42.5,20595715.523,108231174.307,-1660.953,52.1,25117594.398,131993767.949,-124.516,40.3,23700616.359,124547577.179,-1448.629,44.5
2019-03-27 06:50:56,24087242.008,126579334.512,-3335.25,42.5,20596031.5,108232835.46,-1661.492,52.7,25117618.086,131993892.475,-124.645,40.3,23700892.32,124549025.707,-1448.523,44.3
2019-03-27 06:50:57,24087876.727,126582669.726,-3335.223,42.5,20596348.094,108234497.06,-1661.859,52.3,25117641.969,131994016.916,-124.313,39.8,23701167.68,124550474.067,-1448.273,44.3
2019-03-27 06:50:58,24088511.25,126586004.962,-3335.332,42.3,20596663.891,108236159.151,-1662.438,52.7,25117665.203,131994141.342,-124.332,38.6,23701442.969,124551922.252,-1448.18,44.3
2019-03-27 06:50:59,24089146.148,126589340.191,-3335.254,41.9,20596980.469,108237821.69,-1662.824,52.5,25117688.203,131994265.736,-124.23,37.7,23701718.398,124553370.288,-1448.07,43.8
2019-03-27 06:51:00,24089780.766,126592675.43,-3335.266,42.1,20597296.758,108239484.709,-1663.188,52.5,25117711.789,131994390.061,-124.133,38.4,23701994.742,124554818.09,-1447.676,44.0
2019-03-27 06:51:01,24090415.414,126596010.714,-3335.195,42.5,20597613.211,108241148.224,-1663.824,52.6,25117735.984,131994514.389,-124.219,38.4,23702269.703,124556265.769,-1447.625,43.6
2019-03-27 06:51:02,24091049.914,126599346.046,-3335.391,42.5,20597929.758,108242812.246,-1664.273,52.1,25117759.617,131994638.716,-124.359,38.7,23702545.125,124557713.299,-1447.484,43.8
2019-03-27 06:51:03,24091685.5,126602681.347,-3335.293,42.5,20598246.727,108244476.699,-1664.727,52.1,25117782.914,131994762.926,-124.188,38.2,23702820.164,124559160.631,-1447.23,44.1
2019-03-27 06:51:04,24092319.625,126606016.715,-3335.402,41.9,20598563.047,108246141.659,-1665.242,52.5,25117806.922,131994887.156,-124.332,38.7,23703095.75,124560607.808,-1447.09,43.9
2019-03-27 06:51:05,24092954.359,126609352.049,-3335.336,41.6,20598880.477,108247807.083,-1665.676,52.6,25117830.406,131995011.314,-124.066,38.5,23703371.633,124562054.818,-1446.992,43.9
2019-03-27 06:51:06,24093589.313,126612687.392,-3335.316,42.0,20599197.477,108249472.946,-1666.059,52.1,25117854.023,131995135.412,-124.07,38.7,23703646.594,124563501.61,-1446.66,44.1
2019-03-27 06:51:07,24094223.453,126616022.803,-3335.336,42.3,20599514.719,108251139.338,-1666.707,52.5,25117877.383,131995259.515,-124.016,38.7,23703921.734,124564948.307,-1446.625,44.1
2019-03-27 06:51:08,24094858.578,126619358.23,-3335.422,42.2,20599831.984,108252806.188,-1667.023,52.3,25117901.336,131995383.587,-123.941,38.3,23704196.773,124566394.795,-1446.359,43.8
2019-03-27 06:51:09,24095493.063,126622693.661,-3335.469,42.4,20600149.109,108254473.515,-1667.535,52.3,25117924.797,131995507.59,-124.043,38.5,23704471.992,124567841.115,-1446.137,43.7
2019-03-27 06:51:10,24096127.688,126626029.12,-3335.363,42.3,20600466.258,108256141.336,-1668.102,52.7,25117947.914,131995631.592,-124.016,38.8,23704747.727,124569287.304,-1446.102,43.7
2019-03-27 06:51:11,24096762.742,126629364.597,-3335.469,42.0,20600783.867,108257809.614,-1668.547,52.6,25117971.859,131995755.518,-123.938,39.0,23705022.938,124570733.313,-1445.992,43.6
2019-03-27 06:51:12,24097397.711,126632700.113,-3335.582,42.3,20601101.172,108259478.388,-1668.957,52.3,25117995.016,131995879.436,-124.035,38.8,23705297.477,124572179.135,-1445.676,44.0
2019-03-27 06:51:13,24098032.117,126636035.608,-3335.516,42.1,20601419.242,108261147.62,-1669.465,52.4,25118018.977,131996003.279,-123.773,38.8,23705572.75,124573624.793,-1445.617,43.6
2019-03-27 06:51:14,24098667.055,126639371.16,-3335.645,42.8,20601737.109,108262817.349,-1670.043,52.4,25118042.531,131996127.139,-123.828,38.8,23705847.57,124575070.302,-1445.516,43.9
2019-03-27 06:51:15,24099301.617,126642706.678,-3335.473,42.6,20602054.836,108264487.514,-1670.285,52.5,25118065.813,131996250.88,-123.621,38.9,23706122.789,124576515.608,-1445.125,43.8
2019-03-27 06:51:16,24099935.828,126646042.244,-3335.543,42.2,20602372.844,108266158.181,-1670.918,52.6,25118089.789,131996374.65,-123.754,38.9,23706397.883,124577960.757,-1444.988,43.4
2019-03-27 06:51:17,24100570.664,126649377.852,-3335.75,41.6,20602690.625,108267829.313,-1671.348,52.5,25118113.586,131996498.355,-123.738,38.4,23706672.547,124579405.742,-1444.789,43.7
2019-03-27 06:51:18,24101205.5,126652713.462,-3335.629,41.9,20603008.508,108269500.968,-1671.887,52.2,25118136.141,131996622.035,-123.723,39.0,23706947.828,124580850.597,-1444.793,43.7
2019-03-27 06:51:19,24101841.109,126656049.117,-3335.723,42.4,20603326.781,108271173.073,-1672.379,52.0,25118159.305,131996745.674,-123.598,39.2,23707222.859,124582295.247,-1444.59,43.7
2019-03-27 06:51:20,24102475.266,126659384.751,-3335.656,42.3,20603645.133,108272845.638,-1672.84,52.2,25118184.102,131996869.317,-123.684,38.3,23707497.68,124583739.742,-1444.523,43.8
2019-03-27 06:51:21,24103110.352,126662720.414,-3335.793,42.1,20603963.555,108274518.685,-1673.301,52.1,25118206.445,131996992.848,-123.605,38.1,23707772.148,124585184.048,-1444.227,43.7
2019-03-27 06:51:22,24103744.516,126666056.091,-3335.707,41.7,20604281.953,108276192.205,-1673.758,52.1,25118230.938,131997116.362,-123.484,37.7,23708047.742,124586628.199,-1444.137,43.8
2019-03-27 06:51:23,24104379.109,126669391.777,-3335.707,41.8,20604600.672,108277866.211,-1674.355,52.1,25118253.766,131997239.869,-123.508,37.1,23708321.727,124588072.183,-1443.984,43.7
2019-03-27 06:51:24,24105014.234,126672727.49,-3335.77,41.8,20604919.234,108279540.677,-1674.691,51.9,25118276.672,131997363.32,-123.473,37.6,23708597.344,124589516.011,-1443.793,43.3
2019-03-27 06:51:25,24105649.078,126676063.223,-3335.676,42.1,20605238.016,108281215.627,-1675.16,52.0,25118300.344,131997486.709,-123.25,38.2,23708871.281,124590959.647,-1443.508,43.5
2019-03-27 06:51:26,24106283.859,126679398.986,-3335.879,42.4,20605556.633,108282891.051,-1675.801,52.3,25118323.836,131997610.098,-123.438,37.5,23709146.031,124592403.127,-1443.52,43.4
2019-03-27 06:51:27,24106918.305,126682734.751,-3335.699,42.0,20605875.727,108284566.952,-1675.996,52.5,25118348.063,131997733.449,-123.34,37.9,23709420.695,124593846.448,-1443.266,43.2
2019-03-27 06:51:28,24107553.75,126686070.543,-3335.844,42.2,20606194.438,108286243.327,-1676.648,52.6,25118371.656,131997856.723,-123.203,38.2,23709695.195,124595289.571,-1443.047,43.4
2019-03-27 06:51:29,24108187.977,126689406.305,-3335.699,42.1,20606513.766,108287920.166,-1676.949,52.7,25118395.586,131997979.978,-123.086,38.2,23709970.461,124596732.546,-1442.813,43.7
2019-03-27 06:51:30,24108822.82,126692742.159,-3335.996,41.8,20606832.945,108289597.494,-1677.656,52.5,25118418.586,131998103.244,-123.375,37.7,23710244.406,124598175.353,-1442.82,43.7
2019-03-27 06:51:31,24109458.039,126696078.005,-3335.813,41.6,20607152.063,108291275.303,-1678.016,52.5,25118441.406,131998226.4,-123.102,37.6,23710519.016,124599618.003,-1442.691,43.3
2019-03-27 06:51:32,24110092.852,126699413.859,-3335.813,41.8,20607471.539,108292953.597,-1678.523,52.1,25118464.453,131998349.544,-123.203,37.4,23710793.367,124601060.471,-1442.414,43.3
2019-03-27 06:51:33,24110727.758,126702749.739,-3335.953,41.8,20607791.164,108294632.345,-1679.035,52.0,25118488.195,131998472.666,-123.172,37.1,23711068.133,124602502.768,-1442.262,43.4
2019-03-27 06:51:34,24111361.688,126706085.634,-3336.055,41.6,20608110.789,108296311.567,-1679.539,52.0,25118511.484,131998595.731,-123.07,36.5,23711342.508,124603944.915,-1442.148,43.6
2019-03-27 06:51:35,24111997.078,126709421.563,-3336.004,41.7,20608430.281,108297991.273,-1679.98,52.0,25118534.445,131998718.774,-123.09,36.9,23711616.781,124605386.877,-1441.945,44.0
2019-03-27 06:51:36,24112631.375,126712757.454,-3335.906,42.1,20608750.086,108299671.433,-1680.355,51.6,25118557.742,131998841.709,-123.008,36.9,23711891.445,124606828.641,-1441.574,44.0
2019-03-27 06:51:37,24113266.641,126716093.42,-3336.051,42.0,20609069.875,108301352.094,-1681.02,52.1,25118582.242,131998964.671,-123.164,36.5,23712165.172,124608270.279,-1441.629,43.6
2019-03-27 06:51:38,24113900.891,126719429.338,-3336.023,41.7,20609389.898,108303033.174,-1681.289,52.5,25118605.43,131999087.534,-122.805,36.8,23712439.805,124609711.719,-1441.32,43.5
2019-03-27 06:51:39,24114536.063,126722765.339,-3336.121,42.0,20609710.063,108304714.796,-1682.008,52.4,25118628.984,131999210.407,-122.949,36.5,23712714.188,124611153.045,-1441.348,43.9
2019-03-27 06:51:40,24115171.102,126726101.286,-3335.938,41.8,20610029.891,108306396.853,-1682.313,51.7,25118652.188,131999333.181,-122.746,36.8,23712988.563,124612594.15,-1440.988,43.7
2019-03-27 06:51:41,24115806.188,126729437.29,-3335.91,41.7,20610349.844,108308079.398,-1682.766,52.0,25118675.375,131999455.982,-122.785,36.4,23713263.156,124614035.113,-1440.879,43.7
2019-03-27 06:51:42,24116440.164,126732773.334,-3336.16,41.8,20610670.141,108309762.426,-1683.27,51.3,25118699.5,131999578.734,-122.766,36.5,23713536.57,124615475.936,-1440.789,43.9
2019-03-27 06:51:43,24117075.125,126736109.361,-3336.223,42.0,20610990.461,108311445.931,-1683.797,51.5,25118722.078,131999701.429,-122.695,36.7,23713810.867,124616916.55,-1440.551,44.1
2019-03-27 06:51:44,24117709.844,126739445.427,-3336.109,42.2,20611310.992,108313129.905,-1684.152,51.6,25118744.719,131999824.077,-122.492,36.5,23714084.633,124618357.021,-1440.414,44.0
2019-03-27 06:51:45,24118345.023,126742781.509,-3336.289,41.8,20611631.875,108314814.349,-1684.832,51.9,25118767.828,131999946.742,-122.781,36.5,23714359.016,124619797.32,-1440.289,44.3
2019-03-27 06:51:46,24118980.336,126746117.573,-3336.148,41.7,20611952.438,108316499.251,-1685.184,52.3,25118792.031,132000069.316,-122.723,36.5,23714633.242,124621237.445,-1440.078,43.9
2019-03-27 06:51:47,24119614.367,126749453.68,-3336.133,42.1,20612273.109,108318184.627,-1685.637,52.4,25118815.297,132000191.841,-122.598,37.0,23714907.422,124622677.413,-1439.902,43.9
2019-03-27 06:51:48,24120249.5,126752789.783,-3336.008,42.0,20612593.805,108319870.471,-1686.031,52.7,25118838.234,132000314.33,-122.594,36.6,23715181.227,124624117.182,-1439.66,43.8
2019-03-27 06:51:49,24120884.742,126756125.946,-3336.285,42.0,20612914.539,108321556.833,-1686.68,52.6,25118861.805,132000436.815,-122.398,36.2,23715454.906,124625556.805,-1439.555,44.1
2019-03-27 06:51:50,24121518.945,126759462.04,-3336.121,41.5,20613235.547,108323243.605,-1687.031,51.9,25118885.531,132000559.191,-122.352,35.9,23715728.969,124626996.227,-1439.332,44.4
2019-03-27 06:51:51,24122153.742,126762798.21,-3336.273,42.1,20613556.727,108324930.883,-1687.543,51.6,25118908.813,132000681.611,-122.414,34.9,23716002.57,124628435.528,-1439.254,44.6
2019-03-27 06:51:52,24122788.695,126766134.387,-3336.172,41.8,20613878.055,108326618.642,-1688.0,52.1,25118932.195,132000803.949,-122.367,34.8,23716277.227,124629874.624,-1438.992,44.6
2019-03-27 06:51:53,24123422.555,126769470.614,-3336.266,41.5,20614199.422,108328306.885,-1688.547,52.5,25118954.984,132000926.254,-122.223,34.8,23716550.539,124631313.593,-1438.977,44.3
2019-03-27 06:51:54,24124058.445,126772806.828,-3336.313,41.7,20614520.82,108329995.582,-1689.023,52.9,25118978.078,132001048.535,-122.211,35.6,23716824.422,124632752.357,-1438.691,44.4
2019-03-27 06:51:55,24124693.805,126776143.038,-3336.25,41.5,20614841.992,108331684.737,-1689.363,52.7,25119001.633,132001170.799,-122.418,34.8,23717098.453,124634190.964,-1438.504,44.3
2019-03-27 06:51:56,24125328.594,126779479.289,-3336.281,41.3,20615163.461,108333374.393,-1689.891,52.1,25119025.258,132001292.961,-122.156,35.8,23717371.406,124635629.423,-1438.422,44.1
2019-03-27 06:51:57,24125962.781,126782815.538,-3336.391,41.4,20615485.07,108335064.511,-1690.398,52.3,25119048.375,132001415.127,-122.16,35.5,23717645.43,124637067.682,-1438.164,43.8
2019-03-27 06:51:58,24126597.992,126786151.804,-3336.313,41.5,20615806.508,108336755.114,-1690.867,52.1,25119071.531,132001537.264,-122.234,35.8,23717919.414,124638505.788,-1438.043,43.7
2019-03-27 06:51:59,24127233.125,126789488.093,-3336.309,42.2,20616128.578,108338446.161,-1691.238,52.1,25119095.008,132001659.33,-122.16,36.2,23718192.797,124639943.727,-1437.875,43.5
2019-03-27 06:52:00,24127868.047,126792824.412,-3336.371,42.1,20616450.469,108340137.735,-1691.805,52.0,25119118.461,132001781.416,-122.109,36.1,23718466.594,124641381.512,-1437.789,43.8
2019-03-27 06:52:01,24128502.352,126796160.708,-3336.332,41.7,20616772.797,108341829.727,-1692.324,52.5,25119141.367,132001903.412,-122.023,37.0,23718739.992,124642819.108,-1437.668,43.9
2019-03-27 06:52:02,24129137.602,126799497.046,-3336.387,41.7,20617094.844,108343522.201,-1692.746,52.6,25119164.484,132002025.35,-121.988,35.8,23719013.07,124644256.526,-1437.379,43.5
2019-03-27 06:52:03,24129772.164,126802833.36,-3336.324,42.1,20617416.906,108345215.131,-1693.184,52.4,25119187.313,132002147.201,-121.656,36.8,23719287.117,124645693.779,-1437.172,43.7
2019-03-27 06:52:04,24130407.148,126806169.746,-3336.449,42.1,20617739.102,108346908.565,-1693.699,52.3,25119209.703,132002269.13,-122.055,37.2,23719560.602,124647130.875,-1437.039,43.7
2019-03-27 06:52:05,24131042.359,126809506.127,-3336.602,41.8,20618061.219,108348602.463,-1694.195,52.1,25119233.797,132002390.939,-121.832,36.8,23719833.758,124648567.802,-1436.895,43.8
2019-03-27 06:52:06,24131677.68,126812842.476,-3336.355,41.5,20618383.398,108350296.816,-1694.613,52.1,25119256.969,132002512.711,-121.629,35.6,23720107.461,124650004.563,-1436.629,43.4
2019-03-27 06:52:07,24132312.461,126816178.899,-3336.375,41.8,20618705.945,108351991.676,-1695.051,52.2,25119280.211,132002634.46,-121.602,36.5,23720380.891,124651441.16,-1436.477,43.0
2019-03-27 06:52:08,24132947.164,126819515.316,-3336.375,42.0,20619028.555,108353687.001,-1695.531,52.4,25119303.258,132002756.202,-121.73,36.0,23720654.25,124652877.581,-1436.34,42.9
2019-03-27 06:52:09,24133582.125,126822851.761,-3336.402,42.4,20619351.789,108355382.806,-1695.98,52.7,25119326.156,132002877.881,-121.5,36.0,23720927.156,124654313.848,-1436.137,42.7
2019-03-27 06:52:10,24134217.125,126826188.201,-3336.363,42.0,20619674.656,108357079.061,-1696.48,53.0,25119349.359,132002999.515,-121.684,36.5,23721200.672,124655749.918,-1435.969,42.6
2019-03-27 06:52:11,24134851.867,126829524.669,-3336.434,42.2,20619997.758,108358775.791,-1696.969,52.8,25119372.609,132003121.115,-121.434,37.1,23721473.945,124657185.848,-1435.793,42.8
2019-03-27 06:52:12,24135486.664,126832861.123,-3336.555,42.2,20620320.344,108360472.973,-1697.621,52.3,25119396.188,132003242.646,-121.684,36.9,23721747.242,124658621.592,-1435.715,42.9
2019-03-27 06:52:13,24136121.531,126836197.596,-3336.527,42.0,20620643.078,108362170.626,-1697.992,51.7,25119419.25,132003364.168,-121.508,36.8,23722020.305,124660057.175,-1435.613,43.0
2019-03-27 06:52:14,24136756.961,126839534.096,-3336.559,41.8,20620966.219,108363868.764,-1698.34,51.5,25119441.125,132003485.619,-121.402,36.9,23722293.789,124661492.59,-1435.352,43.3
2019-03-27 06:52:15,24137391.406,126842870.594,-3336.492,42.1,20621289.625,108365567.392,-1698.992,51.6,25119465.094,132003607.078,-121.531,37.3,23722566.617,124662927.841,-1435.289,43.2
2019-03-27 06:52:16,24138026.273,126846207.098,-3336.59,42.2,20621613.109,108367266.42,-1699.32,51.7,25119488.945,132003728.433,-121.418,37.2,23722839.672,124664362.883,-1435.043,43.0
2019-03-27 06:52:17,24138660.766,126849543.628,-3336.52,42.0,20621936.258,108368965.988,-1699.883,52.0,25119512.305,132003849.793,-121.527,37.7,23723112.508,124665797.81,-1434.926,43.7
2019-03-27 06:52:18,24139296.148,126852880.195,-3336.535,42.1,20622260.055,108370666.019,-1700.262,52.2,25119535.211,132003971.083,-121.234,37.5,23723385.664,124667232.541,-1434.598,43.4
2019-03-27 06:52:19,24139931.164,126856216.766,-3336.684,42.4,20622583.375,108372366.481,-1700.633,52.3,25119557.023,132004092.322,-121.047,37.0,23723658.555,124668667.107,-1434.406,42.9
2019-03-27 06:52:20,24140565.898,126859553.325,-3336.73,42.5,20622907.008,108374067.477,-1701.379,52.1,25119579.969,132004213.536,-121.184,36.0,23723931.547,124670101.521,-1434.379,43.2
2019-03-27 06:52:21,24141201.203,126862889.921,-3336.68,42.6,20623231.047,108375768.899,-1701.625,52.2,25119603.43,132004334.742,-121.148,35.9,23724204.641,124671535.742,-1434.18,42.9
2019-03-27 06:52:22,24141836.266,126866226.519,-3336.703,42.5,20623554.797,108377470.81,-1702.215,52.8,25119625.891,132004455.909,-121.445,35.2,23724477.305,124672969.82,-1434.035,42.8
2019-03-27 06:52:23,24142470.852,126869563.134,-3336.625,42.2,20623878.891,108379173.185,-1702.605,53.0,25119649.93,132004576.988,-120.906,35.5,23724750.539,124674403.713,-1433.832,42.3
2019-03-27 06:52:24,24143106.023,126872899.781,-3336.73,42.1,20624203.078,108380876.048,-1703.203,52.9,25119673.367,132004698.03,-120.902,35.8,23725023.203,124675837.461,-1433.715,42.4
2019-03-27 06:52:25,24143740.664,126876236.411,-3336.652,41.7,20624527.313,108382579.351,-1703.566,52.7,25119696.719,132004819.034,-120.781,35.5,23725295.969,124677271.02,-1433.461,42.0
2019-03-27 06:52:26,24144375.234,126879573.058,-3336.738,42.0,20624851.359,108384283.132,-1704.043,52.8,25119719.031,132004940.014,-120.781,36.3,23725568.883,124678704.397,-1433.301,42.1
2019-03-27 06:52:27,24145011.148,126882909.702,-3336.582,42.2,20625175.359,108385987.348,-1704.316,53.2,25119742.438,132005060.927,-120.695,36.1,23725841.5,124680137.613,-1433.055,42.1
2019-03-27 06:52:28,24145645.367,126886246.39,-3336.711,42.6,20625499.68,108387692.104,-1704.992,52.7,25119764.695,132005181.853,-120.797,36.2,23726114.125,124681570.687,-1433.008,42.1
2019-03-27 06:52:29,24146281.094,126889583.079,-3336.742,42.0,20625824.266,108389397.272,-1705.41,52.5,25119787.813,132005302.686,-120.656,36.6,23726387.023,124683003.567,-1432.84,42.4
2019-03-27 06:52:30,24146915.195,126892919.826,-3336.949,41.1,20626149.234,108391102.989,-1706.066,52.5,25119810.922,132005423.54,-121.043,36.6,23726659.586,124684436.331,-1432.82,41.8
2019-03-27 06:52:31,24147550.07,126896256.454,-3336.676,41.3,20626473.773,108392809.075,-1706.449,52.5,25119834.484,132005544.262,-120.895,37.4,23726932.203,124685868.828,-1432.387,41.6
2019-03-27 06:52:32,24148184.914,126899593.182,-3336.734,41.7,20626798.469,108394515.649,-1706.789,52.0,25119857.844,132005664.936,-120.52,37.1,23727204.508,124687301.212,-1432.195,41.6
2019-03-27 06:52:33,24148820.328,126902929.903,-3336.816,42.3,20627123.258,108396222.717,-1707.348,51.8,25119880.891,132005785.645,-120.887,37.2,23727477.18,124688733.444,-1432.191,41.8
2019-03-27 06:52:34,24149454.781,126906266.642,-3336.824,42.0,20627448.102,108397930.242,-1707.793,51.5,25119903.211,132005906.234,-120.527,37.2,23727749.875,124690165.465,-1431.961,42.1
2019-03-27 06:52:35,24150090.203,126909603.385,-3336.734,41.6,20627773.258,108399638.258,-1708.266,51.7,25119926.523,132006026.882,-120.727,37.3,23728022.313,124691597.37,-1431.785,41.6
2019-03-27 06:52:36,24150725.242,126912940.181,-3336.754,41.9,20628098.242,108401346.733,-1708.785,51.8,25119949.031,132006147.365,-120.426,37.2,23728294.5,124693029.071,-1431.652,41.3
2019-03-27 06:52:37,24151359.953,126916276.943,-3336.93,41.6,20628423.602,108403055.668,-1709.254,52.3,25119972.547,132006267.875,-120.418,37.9,23728567.594,124694460.613,-1431.473,41.4
2019-03-27 06:52:38,24151995.047,126919613.708,-3336.832,41.6,20628748.492,108404765.088,-1709.77,52.5,25119994.773,132006388.346,-120.57,37.9,23728839.07,124695891.978,-1431.449,41.3
2019-03-27 06:52:39,24152629.844,126922950.51,-3336.953,41.5,20629074.211,108406474.956,-1710.18,52.1,25120017.961,132006508.776,-120.512,38.3,23729111.344,124697323.172,-1431.141,41.3
2019-03-27 06:52:40,24153265.195,126926287.319,-3336.852,41.6,20629399.523,108408185.277,-1710.48,52.2,25120041.039,132006629.11,-120.23,38.4,23729383.797,124698754.204,-1430.98,41.1
2019-03-27 06:52:41,24153899.852,126929624.114,-3336.789,41.7,20629724.992,108409896.095,-1710.988,52.3,25120064.602,132006749.43,-120.281,39.0,23729656.469,124700185.047,-1430.746,41.9
2019-03-27 06:52:42,24154535.125,126932960.961,-3336.75,41.5,20630050.781,108411607.397,-1711.461,52.3,25120087.438,132006869.747,-120.336,38.9,23729928.383,124701615.772,-1430.57,41.8
2019-03-27 06:52:43,24155170.336,126936297.84,-3336.965,41.4,20630376.547,108413319.185,-1712.07,52.0,25120109.719,132006990.005,-120.281,38.7,23730200.945,124703046.32,-1430.508,42.0
2019-03-27 06:52:44,24155804.781,126939634.699,-3336.848,41.8,20630702.586,108415031.437,-1712.438,51.9,25120132.094,132007110.221,-120.215,38.6,23730472.844,124704476.727,-1430.285,42.2
2019-03-27 06:52:45,24156439.992,126942971.598,-3336.98,42.1,20631028.297,108416744.138,-1713.027,52.1,25120155.211,132007230.413,-120.133,38.8,23730744.953,124705906.95,-1430.188,41.9
2019-03-27 06:52:46,24157075.5,126946308.49,-3336.898,42.3,20631354.43,108418457.314,-1713.469,52.4,25120178.422,132007350.535,-120.113,38.6,23731017.383,124707336.985,-1430.086,42.1
2019-03-27 06:52:47,24157710.07,126949645.367,-3336.941,42.3,20631680.625,108420170.936,-1713.867,52.8,25120200.508,132007470.629,-120.066,38.7,23731289.969,124708766.859,-1429.824,42.5
2019-03-27 06:52:48,24158345.68,126952982.272,-3336.984,41.8,20632006.75,108421885.041,-1714.406,52.2,25120224.008,132007590.649,-120.121,39.2,23731561.547,124710196.561,-1429.723,42.6
2019-03-27 06:52:49,24158980.414,126956319.179,-3336.926,42.6,20632332.781,108423599.611,-1714.828,51.9,25120246.523,132007710.645,-119.875,39.1,23731833.297,124711626.075,-1429.496,42.8
2019-03-27 06:52:50,24159615.227,126959656.086,-3336.984,42.8,20632658.992,108425314.654,-1715.387,52.0,25120269.695,132007830.598,-119.945,39.1,23732105.758,124713055.43,-1429.305,42.5
2019-03-27 06:52:51,24160250.234,126962993.051,-3337.047,41.9,20632985.672,108427030.152,-1715.797,51.9,25120292.289,132007950.51,-119.914,39.8,23732377.922,124714484.633,-1429.113,42.4
2019-03-27 06:52:52,24160885.047,126966329.956,-3336.91,42.7,20633312.266,108428746.117,-1716.246,51.7,25120315.344,132008070.357,-119.77,39.7,23732650.023,124715913.656,-1428.965,43.0
2019-03-27 06:52:53,24161520.383,126969666.938,-3337.047,42.1,20633638.922,108430462.589,-1716.742,51.4,25120338.0,132008190.203,-120.055,39.2,23732922.211,124717342.561,-1428.934,42.5
2019-03-27 06:52:54,24162154.766,126973003.898,-3336.902,42.2,20633965.57,108432179.486,-1717.141,52.0,25120361.711,132008309.952,-119.707,39.4,23733193.25,124718771.24,-1428.668,42.4
2019-03-27 06:52:55,24162789.875,126976340.87,-3337.055,42.3,20634292.367,108433896.855,-1717.703,52.3,25120384.117,132008429.694,-119.863,40.0,23733465.563,124720199.735,-1428.566,42.6
2019-03-27 06:52:56,24163425.359,126979677.856,-3337.105,42.2,20634619.0,108435614.705,-1718.125,52.3,25120406.469,132008549.357,-119.555,40.5,23733737.172,124721628.119,-1428.379,42.2
2019-03-27 06:52:57,24164060.422,126983014.826,-3336.953,42.1,20634946.242,108437333.02,-1718.52,52.2,25120429.195,132008669.008,-119.551,40.9,23734008.656,124723056.305,-1428.109,42.2
2019-03-27 06:52:58,24164695.227,126986351.827,-3336.922,42.6,20635273.188,108439051.781,-1718.895,52.1,25120451.953,132008788.597,-119.445,40.4,23734280.461,124724484.334,-1427.883,42.4
2019-03-27 06:52:59,24165330.219,126989688.859,-3337.031,41.9,20635600.25,108440771.05,-1719.469,52.4,25120474.859,132008908.176,-119.441,40.5,23734552.281,124725912.237,-1427.859,42.2
2019-03-27 06:53:00,24165965.125,126993025.86,-3337.008,41.8,20635927.727,108442490.746,-1719.922,52.9,25120497.383,132009027.679,-119.34,40.6,23734823.633,124727339.904,-1427.695,42.5
2019-03-27 06:53:01,24166600.609,126996362.888,-3336.988,42.5,20636255.266,108444210.924,-1720.395,52.5,25120520.469,132009147.129,-119.379,40.3,23735095.703,124728767.426,-1427.457,42.6
2019-03-27 06:53:02,24167235.508,126999699.952,-3337.063,42.2,20636582.391,108445931.571,-1720.965,52.2,25120543.719,132009266.544,-119.449,40.2,23735367.148,124730194.781,-1427.297,42.6
2019-03-27 06:53:03,24167870.391,127003036.991,-3337.105,42.4,20636909.906,108447652.676,-1721.328,52.4,25120566.133,132009385.925,-119.418,40.1,23735639.242,124731621.986,-1427.207,42.6
2019-03-27 06:53:04,24168505.406,127006374.043,-3337.172,43.0,20637237.32,108449374.267,-1721.918,52.5,25120588.273,132009505.26,-119.309,39.8,23735910.563,124733049.019,-1427.043,42.9
2019-03-27 06:53:05,24169140.023,127009711.089,-3337.102,42.3,20637565.469,108451096.297,-1722.266,51.9,25120611.047,132009624.527,-119.266,39.8,23736182.25,124734475.86,-1426.738,43.1
2019-03-27 06:53:06,24169775.258,127013048.152,-3337.109,42.9,20637892.852,108452818.789,-1722.668,51.8,25120633.625,132009743.736,-119.18,40.1,23736453.258,124735902.534,-1426.539,42.6
2019-03-27 06:53:07,24170409.898,127016385.241,-3337.102,42.6,20638220.867,108454541.781,-1723.258,51.5,25120656.719,132009862.979,-119.191,40.0,23736724.641,124737329.094,-1426.5,42.4
2019-03-27 06:53:08,24171046.18,127019722.343,-3337.238,42.3,20638548.867,108456265.218,-1723.785,50.8,25120679.336,132009982.112,-119.219,39.9,23736996.313,124738755.444,-1426.344,42.1
2019-03-27 06:53:09,24171680.18,127023059.428,-3337.059,42.1,20638877.086,108457989.127,-1724.059,50.6,25120701.875,132010101.21,-118.961,40.2,23737267.883,124740181.637,-1426.082,41.5
2019-03-27 06:53:10,24172315.219,127026396.537,-3337.109,42.1,20639205.117,108459713.493,-1724.711,51.2,25120724.453,132010220.235,-119.102,39.5,23737538.602,124741607.649,-1425.98,41.3
2019-03-27 06:53:11,24172950.867,127029733.614,-3336.934,42.0,20639533.266,108461438.31,-1724.914,51.9,25120746.484,132010339.234,-118.895,39.2,23737810.555,124743033.47,-1425.59,41.4
2019-03-27 06:53:12,24173586.102,127033070.765,-3337.184,41.6,20639861.797,108463163.621,-1725.551,51.7,25120769.469,132010458.176,-118.988,39.3,23738081.82,124744459.171,-1425.574,41.8
2019-03-27 06:53:13,24174220.766,127036407.934,-3337.227,41.4,20640190.039,108464889.424,-1726.012,51.9,25120791.82,132010577.082,-118.793,38.8,23738352.813,124745884.72,-1425.344,42.2
2019-03-27 06:53:14,24174855.445,127039745.069,-3337.188,41.3,20640518.492,108466615.687,-1726.598,52.1,25120814.188,132010695.951,-119.02,39.2,23738624.07,124747310.092,-1425.32,42.2
2019-03-27 06:53:15,24175490.766,127043082.245,-3337.176,41.3,20640846.805,108468342.403,-1726.98,52.1,25120837.172,132010814.78,-118.813,38.1,23738894.867,124748735.307,-1425.164,42.5
2019-03-27 06:53:16,24176125.703,127046419.393,-3337.176,41.4,20641175.703,108470069.566,-1727.406,51.9,25120860.336,132010933.527,-118.723,38.1,23739166.766,124750160.312,-1424.91,43.0
2019-03-27 06:53:17,24176760.5,127049756.567,-3337.109,41.6,20641504.422,108471797.204,-1727.773,52.0,25120882.328,132011052.225,-118.527,38.0,23739437.578,124751585.177,-1424.793,42.6
2019-03-27 06:53:18,24177395.258,127053093.742,-3337.266,41.6,20641833.531,108473525.299,-1728.422,52.3,25120904.719,132011170.903,-118.754,38.3,23739708.969,124753009.847,-1424.617,43.0
2019-03-27 06:53:19,24178030.648,127056430.891,-3337.211,41.1,20642162.266,108475253.832,-1728.715,52.2,25120927.461,132011289.502,-118.75,38.3,23739979.883,124754434.322,-1424.309,43.1
2019-03-27 06:53:20,24178665.555,127059768.044,-3337.082,41.6,20642491.305,108476982.839,-1729.172,52.5,25120950.047,132011408.05,-118.512,38.3,23740251.016,124755858.664,-1424.266,42.9
2019-03-27 06:53:21,24179300.633,127063105.265,-3337.207,41.6,20642820.516,108478712.36,-1729.805,52.2,25120972.555,132011526.548,-118.461,38.7,23740521.953,124757282.827,-1424.117,42.7
2019-03-27 06:53:22,24179936.141,127066442.449,-3337.168,41.1,20643149.43,108480442.308,-1730.195,52.1,25120995.508,132011644.999,-118.453,38.6,23740793.227,124758706.825,-1423.883,42.7
2019-03-27 06:53:23,24180570.57,127069779.674,-3337.367,41.3,20643478.727,108482172.76,-1730.77,51.9,25121018.203,132011763.441,-118.543,38.6,23741063.789,124760130.667,-1423.828,42.7
2019-03-27 06:53:24,24181205.594,127073116.876,-3337.094,41.8,20643808.156,108483903.643,-1731.148,52.1,25121040.102,132011881.834,-118.52,38.9,23741334.781,124761554.352,-1423.605,42.6
2019-03-27 06:53:25,24181840.93,127076454.12,-3337.281,41.7,20644137.727,108485634.993,-1731.492,52.5,25121062.25,132012000.144,-118.207,38.4,23741605.602,124762977.835,-1423.293,42.7
2019-03-27 06:53:26,24182476.445,127079791.36,-3337.254,41.8,20644467.43,108487366.838,-1732.043,52.3,25121085.695,132012118.442,-118.195,38.6,23741876.398,124764401.208,-1423.27,42.9
2019-03-27 06:53:27,24183110.922,127083128.585,-3337.273,42.1,20644797.016,108489099.124,-1732.605,52.0,25121108.234,132012236.681,-118.426,38.7,23742147.297,124765824.368,-1423.23,42.8
2019-03-27 06:53:28,24183745.727,127086465.82,-3337.352,41.1,20645126.719,108490831.861,-1733.004,52.2,25121130.281,132012354.865,-118.188,38.4,23742418.398,124767247.344,-1422.957,42.8
2019-03-27 06:53:29,24184380.719,127089803.1,-3337.262,41.3,20645456.586,108492565.079,-1733.473,52.3,25121152.313,132012473.074,-118.219,38.6,23742688.406,124768670.186,-1422.848,42.4
2019-03-27 06:53:30,24185015.906,127093140.336,-3337.281,41.3,20645786.43,108494298.742,-1733.91,52.2,25121175.125,132012591.147,-117.918,38.4,23742959.617,124770092.835,-1422.625,43.0
2019-03-27 06:53:31,24185651.008,127096477.592,-3337.262,41.2,20646116.25,108496032.88,-1734.293,52.1,25121197.844,132012709.233,-117.973,38.6,23743230.18,124771515.312,-1422.398,43.2
2019-03-27 06:53:32,24186286.375,127099814.85,-3337.227,40.6,20646446.352,108497767.489,-1734.789,51.8,25121220.648,132012827.275,-118.051,39.2,23743501.094,124772937.653,-1422.273,43.4
2019-03-27 06:53:33,24186921.484,127103152.172,-3337.281,41.1,20646776.414,108499502.575,-1735.301,51.7,25121242.969,132012945.258,-117.93,38.8,23743771.516,124774359.814,-1422.109,43.7
2019-03-27 06:53:34,24187555.891,127106489.442,-3337.293,41.3,20647106.883,108501238.112,-1735.773,51.2,25121265.719,132013063.186,-117.875,38.5,23744042.641,124775781.79,-1421.914,43.4
2019-03-27 06:53:35,24188191.859,127109826.755,-3337.387,41.4,20647437.531,108502974.11,-1736.242,51.3,25121287.82,132013181.073,-117.848,38.7,23744312.609,124777203.622,-1421.781,43.9
2019-03-27 06:53:36,24188826.102,127113164.035,-3337.285,42.0,20647767.984,108504710.575,-1736.734,51.5,25121309.633,132013298.912,-117.789,38.5,23744583.086,124778625.26,-1421.551,44.0
2019-03-27 06:53:37,24189461.703,127116501.357,-3337.258,42.0,20648098.391,108506447.494,-1737.156,51.7,25121332.648,132013416.706,-117.727,38.3,23744853.531,124780046.736,-1421.414,43.7
2019-03-27 06:53:38,24190096.414,127119838.639,-3337.379,42.3,20648428.969,108508184.884,-1737.641,51.6,25121354.977,132013534.444,-117.754,38.6,23745124.445,124781468.039,-1421.215,43.9
2019-03-27 06:53:39,24190731.594,127123175.959,-3337.254,42.3,20648759.711,108509922.714,-1738.039,51.9,25121377.898,132013652.153,-117.754,39.0,23745394.672,124782889.182,-1421.016,44.3
2019-03-27 06:53:40,24191366.836,127126513.299,-3337.414,42.4,20649090.383,108511661.043,-1738.539,51.9,25121399.93,132013769.791,-117.711,39.0,23745665.125,124784310.158,-1420.895,43.9
2019-03-27 06:53:41,24192001.953,127129850.625,-3337.316,42.1,20649421.188,108513399.829,-1739.035,51.9,25121421.414,132013887.437,-117.801,39.2,23745935.352,124785730.991,-1420.805,43.8
2019-03-27 06:53:42,24192637.086,127133187.925,-3337.313,41.6,20649752.086,108515139.045,-1739.484,52.1,25121444.453,132014004.949,-117.457,38.8,23746206.234,124787151.605,-1420.563,43.3
2019-03-27 06:53:43,24193272.313,127136525.278,-3337.398,41.8,20650082.844,108516878.755,-1739.992,52.2,25121466.625,132014122.478,-117.516,39.2,23746476.242,124788572.079,-1420.367,43.3
2019-03-27 06:53:44,24193907.438,127139862.604,-3337.285,42.3,20650414.156,108518618.911,-1740.434,51.9,25121488.906,132014239.925,-117.371,39.0,23746746.531,124789992.371,-1420.191,43.7
2019-03-27 06:53:45,24194542.375,127143199.938,-3337.309,41.9,20650745.375,108520359.538,-1740.965,51.9,25121511.93,132014357.351,-117.574,38.0,23747016.625,124791412.515,-1420.125,43.2
2019-03-27 06:53:46,24195178.117,127146537.306,-3337.348,42.0,20651077.055,108522100.624,-1741.121,51.5,25121533.984,132014474.722,-117.242,37.6,23747286.586,124792832.484,-1419.742,43.1
2019-03-27 06:53:47,24195813.102,127149874.666,-3337.387,41.7,20651408.523,108523842.202,-1741.809,51.5,25121556.18,132014592.064,-117.309,37.7,23747556.938,124794252.303,-1419.766,43.5
2019-03-27 06:53:48,24196447.984,127153212.018,-3337.23,42.0,20651740.203,108525584.189,-1742.184,52.0,25121578.578,132014709.343,-117.215,37.9,23747827.219,124795671.914,-1419.535,43.3
2019-03-27 06:53:49,24197083.008,127156549.397,-3337.449,42.0,20652071.531,108527326.708,-1742.809,51.9,25121600.555,132014826.593,-117.336,37.6,23748097.266,124797091.405,-1419.328,43.3
2019-03-27 06:53:50,24197717.609,127159886.767,-3337.383,41.5,20652403.055,108529069.65,-1743.301,51.9,25121622.648,132014943.784,-117.352,36.9,23748367.344,124798510.713,-1419.27,43.6
2019-03-27 06:53:51,24198352.875,127163224.156,-3337.363,42.1,20652734.305,108530813.035,-1743.691,51.8,25121645.234,132015060.885,-117.203,36.5,23748637.18,124799929.819,-1419.055,43.9
2019-03-27 06:53:52,24198988.125,127166561.545,-3337.383,41.8,20653066.398,108532556.898,-1744.027,51.6,25121668.32,132015177.974,-117.059,36.6,23748907.227,124801348.807,-1418.953,43.7
2019-03-27 06:53:53,24199623.211,127169898.902,-3337.402,42.1,20653398.5,108534301.227,-1744.527,51.2,25121690.063,132015295.017,-116.891,36.6,23749178.219,124802767.594,-1418.699,43.9
2019-03-27 06:53:54,24200257.961,127173236.312,-3337.434,41.6,20653730.602,108536046.032,-1745.031,51.5,25121712.297,132015412.027,-116.801,37.1,23749447.461,124804186.235,-1418.457,43.5
2019-03-27 06:53:55,24200893.609,127176573.666,-3337.246,41.3,20654062.734,108537791.287,-1745.523,51.4,25121734.594,132015528.96,-116.809,37.2,23749717.0,124805604.704,-1418.375,43.0
2019-03-27 06:53:56,24201528.109,127179911.106,-3337.375,41.7,20654394.992,108539537.004,-1745.879,51.4,25121757.125,132015645.859,-116.922,37.4,23749987.25,124807022.982,-1418.098,43.1
2019-03-27 06:53:57,24202163.828,127183248.474,-3337.352,41.5,20654727.133,108541283.158,-1746.43,51.9,25121778.367,132015762.727,-116.738,36.6,23750256.578,124808441.132,-1418.145,43.4
2019-03-27 06:53:58,24202797.844,127186585.892,-3337.484,41.5,20655059.469,108543029.8,-1746.875,52.3,25121801.07,132015879.522,-116.703,36.9,23750527.055,124809859.076,-1417.879,43.2
2019-03-27 06:53:59,24203433.398,127189923.291,-3337.395,41.3,20655391.953,108544776.884,-1747.324,52.2,25121822.891,132015996.266,-116.633,36.5,23750796.992,124811276.879,-1417.66,43.4
2019-03-27 06:54:00,24204068.211,127193260.743,-3337.527,41.4,20655724.719,108546524.472,-1747.875,52.5,25121845.648,132016112.995,-116.641,36.1,23751066.039,124812694.555,-1417.625,43.7
2019-03-27 06:54:01,24204703.195,127196598.122,-3337.43,41.4,20656057.352,108548272.46,-1748.227,52.6,25121867.492,132016229.662,-116.781,35.8,23751336.133,124814111.98,-1417.359,43.6
2019-03-27 06:54:02,24205338.164,127199935.568,-3337.512,41.4,20656390.148,108550020.948,-1748.68,52.3,25121889.805,132016346.29,-116.789,36.4,23751606.195,124815529.293,-1417.234,44.0
2019-03-27 06:54:03,24205973.539,127203272.991,-3337.473,42.1,20656722.758,108551769.903,-1749.23,51.9,25121912.711,132016462.833,-116.637,36.4,23751875.797,124816946.436,-1417.125,44.3
2019-03-27 06:54:04,24206609.266,127206610.417,-3337.461,41.0,20657055.484,108553519.298,-1749.578,51.4,25121934.078,132016579.318,-116.348,36.5,23752145.039,124818363.384,-1416.824,44.6
2019-03-27 06:54:05,24207244.016,127209947.849,-3337.563,42.1,20657388.711,108555269.155,-1750.137,51.7,25121955.188,132016695.807,-116.461,35.5,23752415.039,124819780.178,-1416.684,44.0
2019-03-27 06:54:06,24207879.367,127213285.271,-3337.34,41.1,20657721.594,108557019.49,-1750.602,51.9,25121977.539,132016812.192,-116.336,36.0,23752684.211,124821196.804,-1416.59,43.7
2019-03-27 06:54:07,24208513.891,127216622.738,-3337.551,41.1,20658054.773,108558770.273,-1751.0,52.1,25122000.031,132016928.609,-116.398,35.7,23752953.813,124822613.257,-1416.359,42.8
2019-03-27 06:54:08,24209149.828,127219960.175,-3337.512,40.9,20658388.281,108560521.518,-1751.461,52.1,25122022.438,132017044.886,-116.09,35.8,23753223.328,124824029.538,-1416.086,43.3
2019-03-27 06:54:09,24209784.242,127223297.639,-3337.516,40.8,20658721.695,108562273.244,-1752.027,52.3,25122045.164,132017161.184,-116.199,35.3,23753492.906,124825445.68,-1416.066,43.6
2019-03-27 06:54:10,24210420.109,127226635.059,-3337.445,40.9,20659055.109,108564025.384,-1752.371,52.5,25122066.523,132017277.358,-116.098,35.6,23753762.195,124826861.608,-1415.816,43.4
2019-03-27 06:54:11,24211054.438,127229972.522,-3337.379,40.9,20659388.703,108565778.022,-1752.906,52.1,25122088.109,132017393.517,-116.23,35.5,23754031.969,124828277.394,-1415.754,43.0
2019-03-27 06:54:12,24211689.922,127233309.978,-3337.391,41.2,20659722.289,108567531.1,-1753.406,52.1,25122110.359,132017509.639,-116.055,35.3,23754301.133,124829693.002,-1415.617,43.0
2019-03-27 06:54:13,24212324.328,127236647.416,-3337.598,41.0,20660055.602,108569284.642,-1753.871,52.1,25122133.32,132017625.687,-116.016,36.0,23754570.656,124831108.419,-1415.313,43.0
2019-03-27 06:54:14,24212960.469,127239984.88,-3337.477,41.3,20660389.422,108571038.634,-1754.18,52.1,25122154.789,132017741.718,-115.934,35.8,23754839.602,124832523.677,-1415.063,42.3
2019-03-27 06:54:15,24213594.695,127243322.365,-3337.516,41.1,20660723.313,108572793.124,-1754.707,52.1,25122176.922,132017857.729,-116.004,35.7,23755108.867,124833938.839,-1415.059,42.5
2019-03-27 06:54:16,24214229.844,127246659.812,-3337.367,41.6,20661057.227,108574548.041,-1755.059,52.1,25122199.242,132017973.643,-115.918,35.8,23755378.625,124835353.752,-1414.703,42.8
2019-03-27 06:54:17,24214864.797,127249997.293,-3337.387,41.4,20661391.141,108576303.446,-1755.617,51.9,25122220.938,132018089.542,-115.914,35.3,23755647.328,124836768.553,-1414.703,42.8
2019-03-27 06:54:18,24215500.133,127253334.766,-3337.422,41.4,20661725.328,108578059.31,-1756.113,52.1,25122243.156,132018205.369,-115.996,35.8,23755916.688,124838183.188,-1414.578,43.3
2019-03-27 06:54:19,24216135.492,127256672.284,-3337.602,40.9,20662059.82,108579815.629,-1756.625,52.0,25122265.211,132018321.143,-115.789,35.2,23756185.32,124839597.622,-1414.332,43.2
2019-03-27 06:54:20,24216770.867,127260009.761,-3337.469,41.2,20662393.938,108581572.405,-1757.074,52.3,25122287.023,132018436.834,-115.633,35.3,23756454.484,124841011.906,-1414.223,43.0
2019-03-27 06:54:21,24217405.398,127263347.241,-3337.555,41.1,20662728.219,108583329.654,-1757.602,51.9,25122309.336,132018552.532,-115.781,35.3,23756723.828,124842426.019,-1414.086,42.8
2019-03-27 06:54:22,24218041.258,127266684.724,-3337.516,41.4,20663062.875,108585087.313,-1757.926,51.4,25122331.266,132018668.124,-115.457,35.9,23756993.07,124843839.927,-1413.809,42.6
2019-03-27 06:54:23,24218675.625,127270022.185,-3337.344,41.4,20663397.609,108586845.455,-1758.395,51.2,25122352.859,132018783.739,-115.656,35.5,23757262.18,124845253.711,-1413.664,42.4
2019-03-27 06:54:24,24219310.594,127273359.708,-3337.629,40.5,20663732.0,108588604.078,-1758.879,51.1,25122375.094,132018899.23,-115.605,35.9,23757531.102,124846667.312,-1413.488,42.5
2019-03-27 06:54:25,24219946.719,127276697.198,-3337.664,40.7,20664066.75,108590363.152,-1759.328,51.4,25122398.094,132019014.701,-115.441,36.3,23757800.195,124848080.746,-1413.434,42.2
2019-03-27 06:54:26,24220580.539,127280034.7,-3337.602,40.9,20664401.594,108592122.677,-1759.777,51.7,25122419.617,132019130.146,-115.383,36.3,23758069.148,124849494.017,-1413.211,42.5
2019-03-27 06:54:27,24221215.781,127283372.166,-3337.578,41.0,20664736.555,108593882.662,-1760.305,52.1,25122441.547,132019245.502,-115.359,36.5,23758337.422,124850907.122,-1413.172,42.4
2019-03-27 06:54:28,24221851.039,127286709.656,-3337.488,41.1,20665071.57,108595643.091,-1760.582,51.9,25122463.828,132019360.818,-115.309,36.1,23758606.789,124852320.06,-1412.871,42.5
2019-03-27 06:54:29,24222486.164,127290047.16,-3337.477,41.3,20665406.57,108597403.989,-1761.102,51.6,25122485.359,132019476.074,-115.254,36.5,23758875.734,124853732.81,-1412.711,42.5
2019-03-27 06:54:30,24223121.602,127293384.645,-3337.602,41.7,20665741.828,108599165.348,-1761.727,51.6,25122507.695,132019591.29,-115.27,36.4,23759144.539,124855145.408,-1412.617,43.0
2019-03-27 06:54:31,24223756.43,127296722.109,-3337.387,41.9,20666076.859,108600927.145,-1761.98,51.6,25122529.344,132019706.457,-115.398,36.5,23759413.008,124856557.835,-1412.395,42.8
2019-03-27 06:54:32,24224392.086,127300059.672,-3337.719,41.0,20666412.672,108602689.455,-1762.547,51.2,25122550.875,132019821.554,-115.078,36.5,23759682.008,124857970.107,-1412.23,42.7
2019-03-27 06:54:33,24225027.141,127303397.118,-3337.5,40.9,20666747.758,108604452.162,-1762.93,51.3,25122573.188,132019936.64,-115.098,36.5,23759950.375,124859382.185,-1411.992,43.0
2019-03-27 06:54:34,24225661.984,127306734.634,-3337.727,41.3,20667083.398,108606215.367,-1763.508,51.4,25122594.813,132020051.698,-115.273,36.0,23760219.047,124860794.1,-1411.863,43.1
2019-03-27 06:54:35,24226297.438,127310072.112,-3337.477,40.9,20667418.719,108607978.996,-1763.855,51.5,25122616.836,132020166.641,-115.105,36.3,23760488.438,124862205.848,-1411.602,42.5
2019-03-27 06:54:36,24226931.844,127313409.601,-3337.629,41.3,20667754.57,108609743.094,-1764.426,51.6,25122638.5,132020281.483,-114.859,35.8,23760756.867,124863617.43,-1411.492,42.6
2019-03-27 06:54:37,24227567.422,127316747.09,-3337.605,41.8,20668090.469,108611507.672,-1764.891,52.1,25122660.523,132020396.364,-114.688,36.0,23761025.156,124865028.858,-1411.41,42.8
2019-03-27 06:54:38,24228202.336,127320084.58,-3337.469,41.8,20668426.516,108613272.705,-1765.305,52.4,25122681.617,132020511.172,-114.668,35.8,23761293.633,124866440.111,-1411.129,42.9
2019-03-27 06:54:39,24228837.563,127323422.083,-3337.348,41.5,20668762.484,108615038.174,-1765.695,51.8,25122704.617,132020625.961,-114.852,36.1,23761562.0,124867851.201,-1411.031,42.4
2019-03-27 06:54:40,24229472.922,127326759.592,-3337.457,41.3,20669098.211,108616804.114,-1766.238,51.5,25122726.195,132020740.611,-114.512,36.1,23761830.969,124869262.117,-1410.906,42.4
2019-03-27 06:54:41,24230108.164,127330097.108,-3337.633,41.0,20669434.617,108618570.503,-1766.578,51.8,25122747.836,132020855.302,-114.527,36.2,23762099.547,124870672.86,-1410.758,42.0
2019-03-27 06:54:42,24230742.414,127333434.601,-3337.598,40.9,20669770.672,108620337.342,-1767.059,51.8,25122769.617,132020969.879,-114.496,36.3,23762367.203,124872083.438,-1410.477,42.1
2019-03-27 06:54:43,24231377.898,127336772.11,-3337.672,41.0,20670107.047,108622104.662,-1767.672,51.8,25122791.516,132021084.49,-114.711,36.8,23762635.672,124873493.853,-1410.359,42.2
2019-03-27 06:54:44,24232013.188,127340109.606,-3337.609,41.1,20670443.422,108623872.44,-1768.113,51.9,25122813.602,132021198.956,-114.449,37.1,23762904.5,124874904.116,-1410.23,42.4
2019-03-27 06:54:45,24232647.805,127343447.108,-3337.539,41.3,20670779.961,108625640.678,-1768.469,51.5,25122834.664,132021313.428,-114.438,37.5,23763172.57,124876314.182,-1409.961,42.2
2019-03-27 06:54:46,24233283.453,127346784.61,-3337.457,41.0,20671116.406,108627409.367,-1768.992,51.6,25122856.031,132021427.831,-114.445,37.7,23763440.438,124877724.111,-1409.902,42.0
2019-03-27 06:54:47,24233918.344,127350122.106,-3337.453,41.1,20671452.75,108629178.513,-1769.305,51.5,25122877.57,132021542.181,-114.379,37.7,23763709.156,124879133.851,-1409.609,41.7
2019-03-27 06:54:48,24234553.367,127353459.649,-3337.598,40.9,20671789.523,108630948.145,-1769.969,51.6,25122900.359,132021656.508,-114.246,37.5,23763977.391,124880543.461,-1409.547,41.6
2019-03-27 06:54:49,24235188.641,127356797.133,-3337.402,40.9,20672126.516,108632718.184,-1770.289,51.6,25122921.273,132021770.745,-114.316,37.1,23764245.547,124881952.87,-1409.246,41.3
2019-03-27 06:54:50,24235823.961,127360134.643,-3337.551,40.9,20672463.672,108634488.706,-1770.703,51.4,25122943.063,132021884.95,-114.332,36.8,23764513.375,124883362.136,-1409.258,41.0
2019-03-27 06:54:51,24236459.227,127363472.164,-3337.555,41.1,20672800.758,108636259.686,-1771.23,51.2,25122965.578,132021999.069,-114.227,37.5,23764781.805,124884771.189,-1409.035,41.0
2019-03-27 06:54:52,24237093.906,127366809.677,-3337.465,41.2,20673137.93,108638031.111,-1771.68,51.2,25122986.922,132022113.154,-113.965,36.9,23765049.961,124886180.095,-1408.766,41.2
2019-03-27 06:54:53,24237729.289,127370147.176,-3337.48,40.9,20673475.039,108639803.005,-1772.125,51.1,25123008.438,132022227.23,-114.172,36.8,23765318.375,124887588.88,-1408.746,41.0
2019-03-27 06:54:54,24238364.328,127373484.699,-3337.551,41.4,20673812.383,108641575.355,-1772.609,51.1,25123030.422,132022341.204,-114.078,37.2,23765586.43,124888997.455,-1408.512,41.4
2019-03-27 06:54:55,24238999.438,127376822.215,-3337.543,41.4,20674149.359,108643348.151,-1773.102,50.8,25123051.992,132022455.153,-114.047,37.3,23765854.344,124890405.863,-1408.336,41.7
2019-03-27 06:54:56,24239634.414,127380159.709,-3337.48,41.6,20674486.766,108645121.42,-1773.496,50.8,25123074.391,132022569.048,-113.91,37.6,23766122.453,124891814.121,-1408.121,41.5
2019-03-27 06:54:57,24240269.367,127383497.18,-3337.395,41.6,20674824.102,108646895.098,-1773.797,50.7,25123095.836,132022682.815,-113.613,37.1,23766390.078,124893222.192,-1407.934,41.8
2019-03-27 06:54:58,24240904.68,127386834.71,-3337.582,41.3,20675162.031,108648669.288,-1774.504,50.7,25123117.484,132022796.63,-113.813,36.7,23766657.758,124894630.108,-1407.883,41.9
2019-03-27 06:54:59,24241539.836,127390172.168,-3337.395,41.1,20675499.492,108650443.903,-1774.797,50.7,25123139.102,132022910.313,-113.734,36.7,23766926.172,124896037.833,-1407.645,41.7
2019-03-27 06:55:00,24242175.086,127393509.7,-3337.496,41.6,20675837.453,108652218.996,-1775.367,51.3,25123159.984,132023024.048,-113.824,36.5,23767193.93,124897445.43,-1407.668,41.7
2019-03-27 06:55:01,24242810.086,127396847.196,-3337.605,41.7,20676175.883,108653994.525,-1775.789,51.2,25123181.953,132023137.64,-113.477,36.2,23767461.383,124898852.835,-1407.414,41.6
2019-03-27 06:55:02,24243445.508,127400184.665,-3337.402,41.8,20676513.703,108655770.496,-1776.145,51.4,25123203.203,132023251.185,-113.465,36.8,23767728.93,124900260.053,-1407.098,41.1
2019-03-27 06:55:03,24244080.367,127403522.182,-3337.676,42.1,20676851.641,108657546.979,-1776.871,51.5,25123225.18,132023364.748,-113.754,36.6,23767997.148,124901667.151,-1407.07,40.6
2019-03-27 06:55:04,24244715.523,127406859.678,-3337.664,42.1,20677189.648,108659323.869,-1777.219,51.5,25123246.484,132023478.195,-113.516,37.1,23768264.469,124903074.049,-1406.879,41.2
2019-03-27 06:55:05,24245351.125,127410197.15,-3337.484,41.7,20677527.844,108661101.214,-1777.703,51.6,25123268.563,132023591.609,-113.441,37.8,23768531.789,124904480.803,-1406.82,41.0
2019-03-27 06:55:06,24245985.758,127413534.609,-3337.43,41.8,20677865.75,108662878.992,-1778.023,51.5,25123289.938,132023704.935,-113.484,37.5,23768799.555,124905887.303,-1406.391,41.3
2019-03-27 06:55:07,24246620.492,127416872.093,-3337.371,42.1,20678204.242,108664657.267,-1778.48,51.0,25123311.719,132023818.222,-113.207,36.9,23769067.703,124907293.712,-1406.254,41.2
2019-03-27 06:55:08,24247255.383,127420209.603,-3337.418,42.2,20678542.602,108666436.002,-1778.961,50.9,25123332.93,132023931.476,-113.27,36.6,23769335.172,124908699.951,-1406.141,41.5
2019-03-27 06:55:09,24247890.914,127423547.051,-3337.477,42.0,20678881.313,108668215.178,-1779.453,50.8,25123354.625,132024044.706,-113.453,36.7,23769602.969,124910105.999,-1405.938,41.3
2019-03-27 06:55:10,24248526.172,127426884.551,-3337.488,42.1,20679220.031,108669994.842,-1779.902,51.2,25123376.141,132024157.829,-113.094,37.6,23769871.078,124911511.912,-1405.805,41.6
2019-03-27 06:55:11,24249161.031,127430222.023,-3337.516,41.9,20679559.055,108671774.911,-1780.281,51.5,25123398.352,132024270.91,-112.957,36.1,23770137.656,124912917.631,-1405.68,42.1
2019-03-27 06:55:12,24249796.336,127433559.492,-3337.68,40.9,20679897.969,108673555.444,-1780.746,52.1,25123418.953,132024383.942,-113.227,36.6,23770405.297,124914323.179,-1405.477,41.7
2019-03-27 06:55:13,24250431.508,127436896.967,-3337.496,41.1,20680236.961,108675336.429,-1781.156,52.0,25123440.383,132024496.932,-112.867,36.9,23770673.125,124915728.577,-1405.285,42.2
2019-03-27 06:55:14,24251066.445,127440234.422,-3337.559,41.1,20680575.859,108677117.863,-1781.699,52.1,25123462.734,132024609.849,-113.047,37.0,23770939.922,124917133.783,-1405.137,41.2
2019-03-27 06:55:15,24251701.742,127443571.854,-3337.402,41.6,20680914.641,108678899.736,-1782.113,51.9,25123483.836,132024722.688,-112.824,37.7,23771208.008,124918538.831,-1405.012,41.7
2019-03-27 06:55:16,24252336.758,127446909.3,-3337.371,41.7,20681253.945,108680682.098,-1782.566,51.3,25123504.617,132024835.546,-113.039,37.3,23771474.531,124919943.719,-1404.785,41.6
2019-03-27 06:55:17,24252971.125,127450246.776,-3337.477,41.8,20681593.0,108682464.918,-1783.137,50.9,25123525.719,132024948.291,-112.887,36.6,23771742.383,124921348.451,-1404.684,41.8
2019-03-27 06:55:18,24253607.023,127453584.237,-3337.391,42.1,20681932.273,108684248.194,-1783.531,51.3,25123548.969,132025060.997,-112.734,37.1,23772009.688,124922753.022,-1404.617,42.2
2019-03-27 06:55:19,24254242.508,127456921.685,-3337.605,42.2,20682271.719,108686031.892,-1784.074,51.3,25123570.164,132025173.629,-112.809,37.2,23772276.398,124924157.362,-1404.383,42.4
2019-03-27 06:55:20,24254877.031,127460259.092,-3337.52,42.1,20682611.172,108687816.051,-1784.453,51.4,25123591.695,132025286.219,-112.629,37.2,23772544.555,124925561.579,-1404.102,42.6
2019-03-27 06:55:21,24255512.781,127463596.544,-3337.516,41.8,20682951.016,108689600.68,-1784.938,51.8,25123613.0,132025398.76,-112.465,37.1,23772811.484,124926965.625,-1403.988,42.6
2019-03-27 06:55:22,24256147.266,127466933.948,-3337.441,41.4,20683290.719,108691385.728,-1785.328,51.9,25123634.227,132025511.21,-112.461,37.2,23773078.313,124928369.479,-1403.793,42.9
2019-03-27 06:55:23,24256782.047,127470271.376,-3337.418,41.3,20683630.68,108693171.256,-1785.703,51.2,25123655.867,132025623.664,-112.402,37.2,23773345.227,124929773.172,-1403.656,42.5
2019-03-27 06:55:24,24257417.453,127473608.823,-3337.465,41.6,20683970.617,108694957.234,-1786.188,51.3,25123676.602,132025736.012,-112.148,36.7,23773612.617,124931176.723,-1403.441,42.4
2019-03-27 06:55:25,24258053.031,127476946.257,-3337.504,41.5,20684310.469,108696743.677,-1786.641,51.3,25123696.93,132025848.351,-112.266,36.5,23773879.688,124932580.109,-1403.227,42.5
2019-03-27 06:55:26,24258687.617,127480283.704,-3337.363,42.0,20684650.211,108698530.588,-1787.074,51.1,25123718.703,132025960.63,-112.223,36.5,23774146.578,124933983.334,-1403.125,42.5
2019-03-27 06:55:27,24259322.68,127483621.129,-3337.449,41.6,20684990.055,108700317.953,-1787.621,51.2,25123740.461,132026072.811,-111.898,36.7,23774413.992,124935386.388,-1402.949,42.5
2019-03-27 06:55:28,24259957.789,127486958.596,-3337.664,41.6,20685330.539,108702105.766,-1788.109,51.1,25123762.359,132026184.989,-112.043,36.1,23774681.227,124936789.281,-1402.848,42.8
2019-03-27 06:55:29,24260592.867,127490295.962,-3337.441,41.3,20685670.859,108703894.011,-1788.559,51.3,25123782.672,132026297.094,-111.988,36.6,23774948.125,124938191.956,-1402.652,42.9
2019-03-27 06:55:30,24261227.711,127493633.394,-3337.383,41.0,20686011.461,108705682.736,-1788.93,52.1,25123804.477,132026409.165,-112.082,37.1,23775214.305,124939594.506,-1402.48,42.9
2019-03-27 06:55:31,24261863.18,127496970.788,-3337.316,41.1,20686352.063,108707471.884,-1789.449,52.7,25123825.438,132026521.126,-111.777,36.2,23775481.359,124940996.853,-1402.273,43.2
2019-03-27 06:55:32,24262498.594,127500308.164,-3337.406,41.4,20686692.578,108709261.477,-1789.758,52.6,25123847.391,132026633.054,-111.84,36.2,23775748.586,124942399.037,-1402.0,43.1
2019-03-27 06:55:33,24263132.758,127503645.546,-3337.324,41.4,20687033.109,108711051.519,-1790.262,52.3,25123868.375,132026744.958,-111.879,35.8,23776015.102,124943801.087,-1401.988,43.4
2019-03-27 06:55:34,24263768.422,127506982.933,-3337.281,41.5,20687374.008,108712842.027,-1790.695,52.4,25123889.484,132026856.714,-111.652,35.1,23776282.227,124945202.95,-1401.852,43.6
2019-03-27 06:55:35,24264403.109,127510320.373,-3337.645,41.8,20687714.438,108714633.014,-1791.305,52.1,25123910.414,132026968.539,-111.805,35.1,23776548.57,124946604.665,-1401.672,43.8
2019-03-27 06:55:36,24265038.32,127513657.715,-3337.367,40.9,20688055.727,108716424.436,-1791.656,52.0,25123931.57,132027080.249,-111.66,35.2,23776815.203,124948006.189,-1401.402,43.6
2019-03-27 06:55:37,24265673.453,127516995.104,-3337.473,41.2,20688396.555,108718216.296,-1792.012,51.9,25123954.227,132027191.917,-111.367,34.8,23777081.891,124949407.553,-1401.297,43.9
2019-03-27 06:55:38,24266308.211,127520332.46,-3337.316,41.0,20688737.789,108720008.623,-1792.57,51.7,25123974.906,132027303.507,-111.672,35.0,23777348.617,124950808.755,-1401.172,42.8
2019-03-27 06:55:39,24266943.406,127523669.875,-3337.48,40.6,20689078.828,108721801.423,-1792.98,51.8,25123995.883,132027415.072,-111.391,35.7,23777615.461,124952209.785,-1400.914,42.9
2019-03-27 06:55:40,24267578.555,127527007.203,-3337.383,40.9,20689420.336,108723594.637,-1793.457,51.7,25124017.367,132027526.563,-111.355,35.4,23777881.82,124953610.648,-1400.789,43.4
2019-03-27 06:55:41,24268213.68,127530344.579,-3337.371,41.3,20689761.516,108725388.336,-1794.016,51.9,25124039.031,132027638.048,-111.465,35.6,23778148.797,124955011.362,-1400.73,43.9
2019-03-27 06:55:42,24268848.742,127533681.93,-3337.32,41.4,20690102.805,108727182.462,-1794.336,52.0,25124059.797,132027749.441,-111.504,36.1,23778414.977,124956411.875,-1400.449,43.8
2019-03-27 06:55:43,24269483.367,127537019.266,-3337.352,40.9,20690444.414,108728977.029,-1794.816,51.9,25124080.156,132027860.716,-111.301,36.5,23778681.258,124957812.242,-1400.336,43.8
2019-03-27 06:55:44,24270119.031,127540356.605,-3337.387,41.3,20690785.57,108730772.081,-1795.313,51.6,25124101.328,132027972.005,-111.344,37.0,23778948.016,124959212.441,-1400.23,43.6
2019-03-27 06:55:45,24270754.203,127543693.912,-3337.254,41.7,20691127.578,108732567.542,-1795.648,51.5,25124122.625,132028083.208,-111.043,37.1,23779214.289,124960612.446,-1399.93,43.2
2019-03-27 06:55:46,24271389.391,127547031.254,-3337.355,41.8,20691469.258,108734363.482,-1796.199,50.7,25124143.922,132028194.349,-110.973,36.5,23779480.508,124962012.302,-1399.73,43.1
2019-03-27 06:55:47,24272024.258,127550368.611,-3337.34,41.7,20691811.188,108736159.894,-1796.688,50.5,25124165.133,132028305.486,-111.125,36.5,23779747.43,124963412.008,-1399.672,43.4
2019-03-27 06:55:48,24272659.563,127553705.899,-3337.242,41.2,20692153.188,108737956.715,-1796.949,50.8,25124187.227,132028416.541,-111.078,36.2,23780013.5,124964811.509,-1399.406,43.4
2019-03-27 06:55:49,24273295.117,127557043.237,-3337.352,41.7,20692495.0,108739754.021,-1797.566,51.2,25124208.305,132028527.569,-110.926,36.5,23780279.594,124966210.883,-1399.348,43.3
2019-03-27 06:55:50,24273929.516,127560380.548,-3337.219,41.4,20692837.086,108741551.76,-1797.887,51.4,25124228.594,132028638.473,-110.688,36.6,23780546.07,124967610.046,-1399.094,42.6
2019-03-27 06:55:51,24274564.633,127563717.88,-3337.496,41.4,20693179.375,108743349.986,-1798.555,51.7,25124250.18,132028749.378,-110.918,36.2,23780812.219,124969009.099,-1399.043,42.5
2019-03-27 06:55:52,24275200.141,127567055.166,-3337.398,41.4,20693521.555,108745148.623,-1798.992,51.8,25124270.156,132028860.182,-110.906,37.0,23781078.18,124970407.939,-1398.781,42.7
2019-03-27 06:55:53,24275834.828,127570392.489,-3337.391,41.7,20693863.945,108746947.718,-1799.328,51.9,25124291.828,132028970.925,-110.688,37.5,23781344.117,124971806.628,-1398.637,43.0
2019-03-27 06:55:54,24276470.07,127573729.752,-3337.273,41.4,20694206.492,108748747.269,-1799.844,51.8,25124312.859,132029081.616,-110.672,37.3,23781610.609,124973205.152,-1398.516,43.2
2019-03-27 06:55:55,24277104.82,127577067.04,-3337.281,41.5,20694549.148,108750547.273,-1800.273,50.8,25124334.297,132029192.274,-110.68,37.7,23781876.477,124974603.488,-1398.328,43.0
2019-03-27 06:55:56,24277740.18,127580404.328,-3337.305,41.4,20694891.516,108752347.743,-1800.766,51.0,25124355.328,132029302.859,-110.516,37.8,23782143.344,124976001.695,-1398.152,43.4
2019-03-27 06:55:57,24278375.211,127583741.593,-3337.363,41.7,20695234.266,108754148.651,-1801.227,51.2,25124376.508,132029413.365,-110.414,37.0,23782408.172,124977399.701,-1398.008,43.4
2019-03-27 06:55:58,24279010.188,127587078.828,-3337.266,41.6,20695576.984,108755949.969,-1801.531,51.1,25124397.531,132029523.842,-110.594,37.1,23782674.953,124978797.529,-1397.703,42.7
2019-03-27 06:55:59,24279644.922,127590416.076,-3337.395,41.6,20695919.953,108757751.77,-1802.109,51.6,25124418.578,132029634.259,-110.711,35.9,23782941.18,124980195.185,-1397.594,42.7
2019-03-27 06:56:00,24280280.25,127593753.308,-3337.27,42.1,20696262.961,108759554.027,-1802.438,51.5,25124439.125,132029744.591,-110.051,35.8,23783206.227,124981592.715,-1397.398,42.7
2019-03-27 06:56:01,24280915.539,127597090.554,-3337.238,42.3,20696605.93,108761356.731,-1802.93,51.8,25124460.211,132029854.894,-110.445,36.0,23783472.313,124982990.063,-1397.262,43.6
2019-03-27 06:56:02,24281550.672,127600427.824,-3337.422,42.4,20696949.047,108763159.917,-1803.469,52.0,25124481.07,132029965.174,-110.355,36.3,23783738.805,124984387.281,-1397.195,43.8
2019-03-27 06:56:03,24282185.758,127603765.05,-3337.324,42.5,20697292.688,108764963.52,-1803.879,52.1,25124501.258,132030075.371,-110.117,36.5,23784004.453,124985784.298,-1396.984,43.4
2019-03-27 06:56:04,24282820.344,127607102.272,-3337.16,42.2,20697635.672,108766767.558,-1804.184,52.3,25124522.305,132030185.536,-110.121,36.9,23784269.938,124987181.13,-1396.695,43.9
2019-03-27 06:56:05,24283455.914,127610439.498,-3337.273,42.0,20697978.688,108768572.067,-1804.766,51.9,25124543.203,132030295.604,-109.977,36.5,23784535.594,124988577.819,-1396.664,43.5
2019-03-27 06:56:06,24284090.695,127613776.699,-3337.277,42.3,20698322.563,108770377.034,-1805.258,51.9,25124563.891,132030405.644,-110.113,36.7,23784801.055,124989974.338,-1396.504,43.5
2019-03-27 06:56:07,24284726.344,127617113.853,-3337.07,42.2,20698665.617,108772182.403,-1805.551,51.6,25124585.391,132030515.582,-109.867,37.2,23785067.586,124991370.649,-1396.211,43.0
2019-03-27 06:56:08,24285360.484,127620451.066,-3337.156,42.0,20699009.359,108773988.277,-1806.133,51.9,25124606.859,132030625.505,-109.844,36.7,23785333.016,124992766.852,-1396.125,43.0
2019-03-27 06:56:09,24285996.422,127623788.268,-3337.207,42.1,20699353.406,108775794.58,-1806.512,51.8,25124627.906,132030735.34,-109.77,37.1,23785598.523,124994162.871,-1395.926,42.6
2019-03-27 06:56:10,24286631.133,127627125.437,-3337.152,42.6,20699697.297,108777601.338,-1807.0,51.6,25124648.172,132030845.123,-109.785,37.0,23785864.398,124995558.696,-1395.801,42.4
2019-03-27 06:56:11,24287265.945,127630462.594,-3337.078,42.2,20700040.961,108779408.512,-1807.41,51.6,25124669.07,132030954.911,-109.703,37.1,23786130.242,124996954.378,-1395.598,42.4
2019-03-27 06:56:12,24287901.281,127633799.78,-3337.281,42.2,20700385.289,108781216.175,-1807.953,51.6,25124690.086,132031064.61,-110.016,37.5,23786395.719,124998349.913,-1395.559,42.5
2019-03-27 06:56:13,24288535.734,127637136.931,-3337.164,42.1,20700729.352,108783024.276,-1808.359,51.4,25124711.453,132031174.204,-109.605,37.9,23786660.93,124999745.237,-1395.23,42.3
2019-03-27 06:56:14,24289170.852,127640474.087,-3337.273,42.2,20701073.32,108784832.816,-1808.852,51.8,25124732.211,132031283.789,-109.605,38.3,23786926.172,125001140.427,-1395.109,42.2
2019-03-27 06:56:15,24289806.078,127643811.178,-3337.078,42.6,20701417.695,108786641.782,-1809.176,51.9,25124752.641,132031393.297,-109.566,38.0,23787191.711,125002535.397,-1394.848,41.4
2019-03-27 06:56:16,24290440.719,127647148.353,-3337.191,42.8,20701761.859,108788451.256,-1809.805,51.8,25124773.664,132031502.767,-109.566,37.9,23787457.172,125003930.269,-1394.844,41.6
2019-03-27 06:56:17,24291076.359,127650485.438,-3337.008,42.4,20702106.156,108790261.134,-1810.102,51.5,25124795.305,132031612.098,-109.301,38.1,23787722.922,125005324.937,-1394.582,41.6
2019-03-27 06:56:18,24291711.461,127653822.557,-3337.09,42.5,20702450.906,108792071.478,-1810.605,51.5,25124816.422,132031721.432,-109.141,37.5,23787987.805,125006719.443,-1394.406,41.5
2019-03-27 06:56:19,24292346.102,127657159.665,-3337.129,42.4,20702795.156,108793882.274,-1811.008,51.5,25124836.445,132031830.737,-109.055,37.8,23788253.508,125008113.791,-1394.25,42.0
2019-03-27 06:56:20,24292981.039,127660496.771,-3337.172,42.3,20703140.008,108795693.512,-1811.371,51.7,25124858.109,132031939.993,-109.246,37.7,23788519.156,125009507.958,-1394.063,42.2
2019-03-27 06:56:21,24293616.594,127663833.865,-3337.07,42.4,20703484.906,108797505.225,-1811.867,51.5,25124878.078,132032049.151,-109.133,38.4,23788783.914,125010901.984,-1393.855,42.4
2019-03-27 06:56:22,24294251.203,127667170.929,-3337.086,42.2,20703829.891,108799317.341,-1812.348,51.5,25124899.453,132032158.247,-109.031,38.5,23789049.492,125012295.802,-1393.758,42.3
2019-03-27 06:56:23,24294886.43,127670507.978,-3336.895,42.3,20704174.711,108801129.914,-1812.871,51.9,25124919.906,132032267.32,-109.238,38.8,23789314.031,125013689.482,-1393.703,42.2
2019-03-27 06:56:24,24295521.406,127673845.014,-3337.074,42.3,20704519.469,108802942.925,-1813.277,51.4,25124939.461,132032376.243,-109.039,38.5,23789579.477,125015082.961,-1393.391,42.6
2019-03-27 06:56:25,24296156.047,127677182.076,-3336.992,42.0,20704864.406,108804756.399,-1813.738,51.3,25124960.563,132032485.155,-108.895,38.8,23789844.734,125016476.275,-1393.211,42.8
2019-03-27 06:56:26,24296791.086,127680519.117,-3337.004,41.8,20705209.93,108806570.345,-1814.207,51.2,25124982.023,132032594.051,-108.977,39.0,23790109.828,125017869.498,-1393.234,42.9
2019-03-27 06:56:27,24297426.148,127683856.145,-3337.078,41.9,20705555.406,108808384.694,-1814.504,51.2,25125002.844,132032702.81,-108.57,39.2,23790375.0,125019262.491,-1392.938,42.8
2019-03-27 06:56:28,24298060.891,127687193.144,-3336.945,41.9,20705900.742,108810199.514,-1815.063,51.9,25125023.195,132032811.533,-108.684,39.4,23790640.273,125020655.328,-1392.695,43.2
2019-03-27 06:56:29,24298696.234,127690530.178,-3337.117,42.0,20706246.117,108812014.782,-1815.57,51.2,25125043.359,132032920.213,-108.781,38.6,23790905.078,125022048.043,-1392.668,43.2
2019-03-27 06:56:30,24299331.094,127693867.167,-3336.957,42.0,20706591.586,108813830.493,-1815.984,51.3,25125064.18,132033028.829,-108.66,38.3,23791170.258,125023440.559,-1392.461,43.7
2019-03-27 06:56:31,24299965.836,127697204.179,-3336.91,41.9,20706937.219,108815646.638,-1816.336,51.0,25125085.008,132033137.396,-108.52,38.6,23791435.055,125024832.904,-1392.34,43.5
2019-03-27 06:56:32,24300601.148,127700541.199,-3337.121,42.2,20707282.633,108817463.268,-1816.816,50.9,25125106.148,132033245.912,-108.613,38.7,23791700.336,125026225.094,-1392.063,43.7
2019-03-27 06:56:33,24301236.266,127703878.145,-3337.016,41.5,20707628.141,108819280.305,-1817.305,51.1,25125126.078,132033354.345,-108.578,38.6,23791964.859,125027617.086,-1391.953,44.1
2019-03-27 06:56:34,24301871.484,127707215.131,-3337.117,41.4,20707973.938,108821097.82,-1817.813,51.1,25125147.141,132033462.742,-108.508,38.7,23792229.547,125029008.937,-1391.738,44.2
2019-03-27 06:56:35,24302506.57,127710552.07,-3336.922,41.6,20708320.258,108822915.772,-1818.203,51.1,25125168.383,132033571.049,-108.344,39.1,23792494.031,125030400.613,-1391.645,44.3
2019-03-27 06:56:36,24303140.68,127713889.029,-3337.004,41.8,20708666.406,108824734.163,-1818.621,50.6,25125188.461,132033679.308,-108.273,38.8,23792759.266,125031792.105,-1391.473,43.8
2019-03-27 06:56:37,24303776.203,127717225.968,-3336.91,42.1,20709012.305,108826553.004,-1819.035,50.2,25125208.43,132033787.488,-108.07,38.6,23793024.039,125033183.442,-1391.309,44.1
2019-03-27 06:56:38,24304410.828,127720562.889,-3336.918,42.3,20709358.734,108828372.304,-1819.484,50.5,25125229.648,132033895.651,-107.938,38.6,23793288.484,125034574.614,-1391.043,44.1
2019-03-27 06:56:39,24305046.375,127723899.829,-3337.004,42.1,20709705.148,108830192.06,-1820.07,50.8,25125249.93,132034003.737,-107.934,38.6,23793553.563,125035965.641,-1391.031,44.3
2019-03-27 06:56:40,24305680.938,127727236.725,-3336.914,41.8,20710051.664,108832012.242,-1820.465,51.0,25125270.563,132034111.793,-108.285,38.8,23793818.367,125037356.476,-1390.758,44.3
2019-03-27 06:56:41,24306316.102,127730573.624,-3336.922,41.7,20710397.859,108833832.848,-1820.793,51.4,25125290.805,132034219.753,-108.039,38.6,23794082.719,125038747.128,-1390.559,43.9
2019-03-27 06:56:42,24306951.242,127733910.509,-3336.898,42.1,20710744.258,108835653.93,-1821.406,51.4,25125311.727,132034327.655,-107.777,38.6,23794347.289,125040137.633,-1390.449,44.1
2019-03-27 06:56:43,24307586.672,127737247.394,-3336.914,42.0,20711090.594,108837475.453,-1821.773,51.4,25125332.109,132034435.527,-107.875,38.8,23794611.648,125041527.979,-1390.254,44.4
2019-03-27 06:56:44,24308221.031,127740584.203,-3336.828,42.2,20711437.578,108839297.4,-1822.113,51.4,25125352.859,132034543.276,-107.766,39.1,23794876.586,125042918.107,-1390.0,44.3
2019-03-27 06:56:45,24308855.633,127743921.093,-3336.906,42.0,20711784.234,108841119.821,-1822.688,51.5,25125374.188,132034651.041,-107.723,39.3,23795140.906,125044308.112,-1390.035,44.0
2019-03-27 06:56:46,24309491.313,127747257.931,-3336.762,42.2,20712131.305,108842942.68,-1823.176,51.6,25125393.273,132034758.698,-107.746,39.1,23795405.75,125045697.932,-1389.77,44.1
2019-03-27 06:56:47,24310126.219,127750594.755,-3336.699,42.1,20712478.258,108844765.996,-1823.449,51.8,25125414.141,132034866.304,-107.574,38.5,23795669.844,125047087.595,-1389.527,44.3
2019-03-27 06:56:48,24310760.891,127753931.575,-3336.723,42.0,20712825.063,108846589.744,-1823.898,51.6,25125434.75,132034973.886,-107.469,38.8,23795934.547,125048477.088,-1389.473,44.1
2019-03-27 06:56:49,24311396.07,127757268.408,-3336.871,42.0,20713172.242,108848413.943,-1824.422,51.9,25125455.227,132035081.361,-107.41,38.7,23796199.039,125049866.409,-1389.254,44.3
2019-03-27 06:56:50,24312031.5,127760605.238,-3336.824,41.7,20713519.664,108850238.607,-1824.941,51.9,25125475.594,132035188.835,-107.293,38.5,23796463.586,125051255.594,-1389.148,43.9
2019-03-27 06:56:51,24312666.336,127763942.049,-3336.84,42.0,20713867.195,108852063.723,-1825.32,51.9,25125495.406,132035296.256,-107.41,38.7,23796727.594,125052644.605,-1388.898,44.1
2019-03-27 06:56:52,24313301.109,127767278.84,-3336.809,41.7,20714214.523,108853889.262,-1825.789,51.4,25125516.453,132035403.554,-107.336,38.8,23796991.148,125054033.429,-1388.73,44.4
2019-03-27 06:56:53,24313936.305,127770615.616,-3336.898,41.9,20714561.625,108855715.233,-1826.293,51.5,25125536.891,132035510.815,-107.203,39.4,23797256.391,125055422.095,-1388.668,44.0
2019-03-27 06:56:54,24314571.094,127773952.386,-3336.922,42.2,20714909.305,108857541.665,-1826.73,51.3,25125557.469,132035618.034,-107.141,39.8,23797520.352,125056810.586,-1388.445,44.3
2019-03-27 06:56:55,24315206.391,127777289.127,-3336.777,42.2,20715256.805,108859368.542,-1827.266,51.3,25125577.563,132035725.173,-107.168,39.9,23797784.578,125058198.929,-1388.391,44.6
2019-03-27 06:56:56,24315840.945,127780625.888,-3336.777,42.8,20715604.57,108861195.872,-1827.551,51.0,25125596.906,132035832.257,-106.969,39.6,23798048.352,125059587.108,-1388.156,44.6
2019-03-27 06:56:57,24316476.008,127783962.592,-3336.703,42.5,20715951.844,108863023.619,-1827.984,51.0,25125617.711,132035939.264,-106.977,39.4,23798312.836,125060975.095,-1387.855,44.1
2019-03-27 06:56:58,24317110.523,127787299.285,-3336.527,42.2,20716300.125,108864851.84,-1828.422,51.1,25125638.805,132036046.226,-106.887,39.3,23798576.977,125062362.914,-1387.703,44.0
2019-03-27 06:56:59,24317745.32,127790636.007,-3336.566,42.5,20716648.063,108866680.494,-1828.84,51.1,25125659.0,132036153.155,-107.043,38.8,23798841.25,125063750.589,-1387.633,43.9
2019-03-27 06:57:00,24318380.453,127793972.687,-3336.633,42.8,20716996.344,108868509.598,-1829.355,50.9,25125678.391,132036259.968,-106.91,39.1,23799104.648,125065138.085,-1387.496,44.3
2019-03-27 06:57:01,24319015.578,127797309.359,-3336.707,42.7,20717344.742,108870339.121,-1829.848,51.6,25125699.055,132036366.735,-106.863,39.0,23799368.875,125066525.381,-1387.223,44.3
2019-03-27 06:57:02,24319650.836,127800646.05,-3336.746,42.6,20717693.023,108872169.136,-1830.332,51.5,25125719.602,132036473.47,-106.824,38.8,23799633.172,125067912.57,-1387.199,44.5
2019-03-27 06:57:03,24320286.859,127803982.69,-3336.684,41.9,20718041.047,108873999.561,-1830.793,51.3,25125740.164,132036580.083,-106.555,38.4,23799896.867,125069299.548,-1386.953,45.0
2019-03-27 06:57:04,24320920.555,127807319.312,-3336.602,42.3,20718389.789,108875830.398,-1831.0,51.0,25125760.469,132036686.693,-106.703,38.8,23800160.828,125070686.373,-1386.832,44.9
2019-03-27 06:57:05,24321555.555,127810655.927,-3336.438,41.9,20718737.984,108877661.713,-1831.492,50.5,25125780.281,132036793.194,-106.453,38.2,23800424.344,125072073.006,-1386.574,44.7
2019-03-27 06:57:06,24322190.297,127813992.561,-3336.73,43.0,20719086.5,108879493.467,-1832.004,50.7,25125800.578,132036899.681,-106.547,37.9,23800689.008,125073459.522,-1386.492,44.9
2019-03-27 06:57:07,24322825.344,127817329.167,-3336.602,42.4,20719434.969,108881325.69,-1832.496,51.1,25125820.609,132037006.128,-106.484,37.4,23800952.742,125074845.845,-1386.297,45.0
2019-03-27 06:57:08,24323460.664,127820665.763,-3336.652,42.5,20719783.477,108883158.342,-1832.918,51.1,25125840.914,132037112.419,-106.355,37.3,23801216.477,125076232.014,-1386.168,45.3
2019-03-27 06:57:09,24324094.813,127824002.327,-3336.52,42.3,20720132.602,108884991.415,-1833.215,50.8,25125861.406,132037218.718,-106.328,37.3,23801480.281,125077617.982,-1385.879,45.1
2019-03-27 06:57:10,24324730.227,127827338.906,-3336.566,42.7,20720481.664,108886824.975,-1833.637,50.9,25125881.477,132037324.947,-106.215,37.0,23801743.461,125079003.807,-1385.734,44.9
2019-03-27 06:57:11,24325365.055,127830675.431,-3336.543,42.5,20720830.484,108888658.955,-1834.18,51.2,25125902.266,132037431.097,-106.219,37.0,23802007.523,125080389.457,-1385.578,44.3
2019-03-27 06:57:12,24326000.32,127834011.962,-3336.445,42.4,20721179.719,108890493.369,-1834.613,51.1,25125921.859,132037537.193,-105.98,37.3,23802271.711,125081774.95,-1385.336,44.3
2019-03-27 06:57:13,24326635.078,127837348.497,-3336.492,42.3,20721528.852,108892328.243,-1835.172,51.6,25125942.148,132037643.243,-106.18,37.1,23802534.703,125083160.26,-1385.211,44.8
2019-03-27 06:57:14,24327269.672,127840684.982,-3336.574,42.5,20721878.063,108894163.511,-1835.5,51.4,25125962.414,132037749.157,-106.02,36.4,23802797.969,125084545.409,-1385.113,44.7
2019-03-27 06:57:15,24327904.602,127844021.465,-3336.285,42.0,20722227.461,108895999.286,-1836.051,51.2,25125981.828,132037855.07,-105.852,36.9,23803062.188,125085930.413,-1384.934,44.3
2019-03-27 06:57:16,24328539.266,127847357.942,-3336.441,42.0,20722576.969,108897835.459,-1836.352,50.9,25126002.266,132037960.929,-105.789,36.7,23803325.125,125087315.201,-1384.703,44.3
2019-03-27 06:57:17,24329173.898,127850694.443,-3336.57,42.0,20722926.172,108899672.109,-1836.855,50.1,25126022.078,132038066.728,-105.73,36.2,23803589.133,125088699.872,-1384.609,44.5
2019-03-27 06:57:18,24329809.68,127854030.926,-3336.547,41.9,20723276.055,108901509.2,-1837.273,50.3,25126042.773,132038172.469,-105.824,36.2,23803852.539,125090084.36,-1384.422,44.4
2019-03-27 06:57:19,24330443.969,127857367.323,-3336.332,41.7,20723625.563,108903346.743,-1837.805,50.6,25126062.578,132038278.134,-105.727,37.0,23804115.758,125091468.685,-1384.258,44.9
2019-03-27 06:57:20,24331079.188,127860703.76,-3336.328,42.1,20723975.516,108905184.7,-1838.133,51.0,25126082.688,132038383.717,-105.445,37.2,23804379.039,125092852.83,-1384.027,44.8
2019-03-27 06:57:21,24331714.039,127864040.176,-3336.52,42.1,20724325.125,108907023.111,-1838.727,51.2,25126103.758,132038489.243,-105.527,36.8,23804642.344,125094236.838,-1384.031,45.4
2019-03-27 06:57:22,24332348.953,127867376.61,-3336.441,42.3,20724675.391,108908861.982,-1839.176,50.9,25126122.992,132038594.728,-105.492,36.8,23804906.117,125095620.641,-1383.715,45.0
2019-03-27 06:57:23,24332983.922,127870712.973,-3336.398,42.7,20725025.102,108910701.239,-1839.41,51.3,25126143.422,132038700.113,-105.305,37.1,23805169.313,125097004.282,-1383.438,44.5
2019-03-27 06:57:24,24333618.875,127874049.38,-3336.5,42.0,20725375.188,108912540.989,-1839.926,51.3,25126162.953,132038805.478,-105.359,36.9,23805432.391,125098387.791,-1383.387,44.0
2019-03-27 06:57:25,24334253.891,127877385.73,-3336.242,42.6,20725725.25,108914381.194,-1840.371,51.2,25126183.141,132038910.747,-105.266,37.1,23805695.813,125099771.113,-1383.188,44.0
2019-03-27 06:57:26,24334889.5,127880722.119,-3336.453,42.4,20726075.594,108916221.835,-1840.938,51.3,25126203.242,132039015.979,-105.164,37.5,23805958.898,125101154.273,-1383.105,43.5
2019-03-27 06:57:27,24335523.195,127884058.452,-3336.426,42.4,20726425.945,108918062.927,-1841.367,51.6,25126223.75,132039121.144,-105.238,37.9,23806221.844,125102537.266,-1382.871,43.5
2019-03-27 06:57:28,24336157.938,127887394.755,-3336.289,42.5,20726776.414,108919904.41,-1841.758,51.4,25126243.633,132039226.248,-105.184,37.7,23806484.844,125103920.057,-1382.711,43.6
2019-03-27 06:57:29,24336793.07,127890731.051,-3336.156,42.0,20727127.102,108921746.342,-1842.051,51.5,25126263.156,132039331.273,-105.047,37.0,23806748.273,125105302.7,-1382.523,43.6
2019-03-27 06:57:30,24337428.641,127894067.347,-3336.23,42.1,20727477.547,108923588.748,-1842.656,51.4,25126283.898,132039436.225,-104.859,37.5,23807011.359,125106685.196,-1382.449,43.2
2019-03-27 06:57:31,24338063.352,127897403.624,-3336.18,41.6,20727828.586,108925431.595,-1843.156,51.6,25126303.578,132039541.135,-104.895,37.0,23807273.914,125108067.512,-1382.266,43.1
2019-03-27 06:57:32,24338698.234,127900739.881,-3336.133,42.2,20728179.0,108927274.862,-1843.398,51.4,25126323.352,132039645.985,-104.629,37.0,23807537.195,125109449.637,-1382.004,43.3
2019-03-27 06:57:33,24339332.688,127904076.149,-3336.324,41.4,20728529.953,108929118.59,-1844.039,51.1,25126343.211,132039750.757,-104.703,37.2,23807800.219,125110831.634,-1381.965,43.5
2019-03-27 06:57:34,24339967.797,127907412.423,-3336.418,41.9,20728880.617,108930962.768,-1844.496,51.3,25126363.406,132039855.514,-104.766,37.0,23808062.859,125112213.466,-1381.848,43.6
2019-03-27 06:57:35,24340603.281,127910748.604,-3336.129,41.4,20729231.633,108932807.359,-1844.824,51.1,25126382.555,132039960.114,-104.492,37.0,23808325.805,125113595.104,-1381.605,43.6
2019-03-27 06:57:36,24341237.25,127914084.827,-3336.238,41.7,20729582.688,108934652.416,-1845.316,51.1,25126403.133,132040064.768,-104.609,37.3,23808588.898,125114976.609,-1381.453,44.1
2019-03-27 06:57:37,24341872.352,127917421.005,-3336.07,41.4,20729933.656,108936497.896,-1845.676,50.8,25126422.758,132040169.281,-104.352,37.4,23808851.578,125116357.895,-1381.285,44.0
2019-03-27 06:57:38,24342507.406,127920757.204,-3336.199,41.6,20730285.266,108938343.832,-1846.168,51.3,25126442.813,132040273.771,-104.531,37.1,23809114.289,125117739.045,-1381.156,44.5
2019-03-27 06:57:39,24343142.219,127924093.346,-3336.191,42.4,20730636.805,108940190.198,-1846.734,51.5,25126463.094,132040378.169,-104.609,37.4,23809377.328,125119120.037,-1381.012,44.1
2019-03-27 06:57:40,24343776.945,127927429.466,-3336.109,42.3,20730988.188,108942036.972,-1847.012,50.8,25126482.938,132040482.492,-104.383,37.6,23809639.867,125120500.833,-1380.754,44.3
2019-03-27 06:57:41,24344412.211,127930765.618,-3336.129,42.4,20731339.953,108943884.221,-1847.52,51.4,25126502.258,132040586.773,-104.355,37.6,23809902.977,125121881.472,-1380.641,43.8
2019-03-27 06:57:42,24345046.766,127934101.727,-3336.113,42.6,20731691.609,108945731.894,-1847.957,51.5,25126522.906,132040690.976,-104.09,37.4,23810165.023,125123261.956,-1380.461,43.7
2019-03-27 06:57:43,24345681.547,127937437.81,-3336.156,42.9,20732042.93,108947580.013,-1848.363,51.4,25126542.906,132040795.122,-103.949,37.4,23810427.938,125124642.265,-1380.223,43.6
2019-03-27 06:57:44,24346315.867,127940773.885,-3336.148,42.5,20732394.844,108949428.57,-1848.895,51.7,25126561.688,132040899.211,-104.094,37.6,23810690.75,125126022.414,-1380.109,43.6
2019-03-27 06:57:45,24346951.031,127944109.919,-3336.066,42.7,20732746.352,108951277.558,-1849.305,51.6,25126581.539,132041003.198,-104.152,37.7,23810953.953,125127402.385,-1379.973,44.0
2019-03-27 06:57:46,24347585.789,127947445.955,-3336.016,42.6,20733098.328,108953126.976,-1849.672,51.0,25126600.875,132041107.128,-103.648,37.3,23811216.164,125128782.164,-1379.727,44.2
2019-03-27 06:57:47,24348221.055,127950781.988,-3336.074,42.6,20733450.531,108954976.879,-1850.113,50.9,25126621.086,132041211.064,-103.863,37.3,23811478.227,125130161.816,-1379.551,44.1
2019-03-27 06:57:48,24348855.172,127954117.999,-3336.004,42.1,20733802.555,108956827.193,-1850.586,50.6,25126640.766,132041314.883,-103.867,37.6,23811740.695,125131541.294,-1379.355,44.5
2019-03-27 06:57:49,24349490.492,127957453.971,-3335.984,42.0,20734155.141,108958677.928,-1850.93,50.5,25126660.57,132041418.628,-103.875,37.4,23812004.047,125132920.617,-1379.25,44.8
2019-03-27 06:57:50,24350124.695,127960789.928,-3335.898,41.8,20734507.344,108960529.129,-1851.352,50.9,25126680.672,132041522.304,-103.578,37.6,23812266.094,125134299.752,-1379.055,44.3
2019-03-27 06:57:51,24350759.461,127964125.891,-3335.91,41.7,20734859.375,108962380.763,-1851.848,50.2,25126700.422,132041625.9,-103.57,37.7,23812528.547,125135678.707,-1378.902,44.1
2019-03-27 06:57:52,24351394.789,127967461.857,-3335.898,42.0,20735212.234,108964232.842,-1852.223,50.8,25126720.156,132041729.459,-103.57,38.1,23812791.164,125137057.519,-1378.539,44.2
2019-03-27 06:57:53,24352029.141,127970797.764,-3335.918,41.8,20735564.414,108966085.364,-1852.824,51.0,25126740.094,132041832.93,-103.453,37.8,23813052.906,125138436.165,-1378.602,44.1
2019-03-27 06:57:54,24352664.25,127974133.686,-3335.996,41.4,20735917.102,108967938.327,-1853.289,51.1,25126759.664,132041936.334,-103.438,37.7,23813315.477,125139814.656,-1378.438,43.8
2019-03-27 06:57:55,24353299.594,127977469.577,-3335.961,41.7,20736269.891,108969791.724,-1853.676,50.9,25126778.953,132042039.679,-103.5,38.0,23813577.906,125141192.989,-1378.27,43.8
2019-03-27 06:57:56,24353934.016,127980805.447,-3335.785,41.7,20736622.484,108971645.564,-1854.133,51.4,25126799.078,132042142.954,-103.293,37.8,23813840.156,125142571.148,-1378.152,43.9
2019-03-27 06:57:57,24354568.531,127984141.33,-3335.832,41.1,20736975.297,108973499.828,-1854.43,51.3,25126818.211,132042246.16,-103.238,38.0,23814102.383,125143949.117,-1377.887,44.2
2019-03-27 06:57:58,24355203.336,127987477.154,-3335.906,41.4,20737328.0,108975354.552,-1854.98,51.4,25126838.016,132042349.305,-103.059,38.0,23814364.672,125145326.946,-1377.746,44.3
2019-03-27 06:57:59,24355838.211,127990812.995,-3335.82,41.8,20737681.148,108977209.718,-1855.387,51.4,25126856.75,132042452.395,-102.941,37.9,23814626.82,125146704.607,-1377.52,44.5
2019-03-27 06:58:00,24356472.789,127994148.82,-3335.875,41.7,20738034.383,108979065.309,-1855.836,51.4,25126876.922,132042555.471,-103.031,38.2,23814889.141,125148082.103,-1377.465,44.4
2019-03-27 06:58:01,24357108.141,127997484.588,-3335.73,41.3,20738387.922,108980921.347,-1856.398,51.6,25126896.539,132042658.433,-103.031,38.5,23815150.797,125149459.404,-1377.254,44.0
2019-03-27 06:58:02,24357742.492,128000820.379,-3335.809,41.3,20738741.344,108982777.814,-1856.707,51.6,25126916.547,132042761.345,-102.906,39.0,23815413.398,125150836.568,-1377.074,44.5
2019-03-27 06:58:03,24358377.578,128004156.108,-3335.789,41.8,20739094.703,108984634.685,-1857.082,51.9,25126936.039,132042864.169,-102.895,38.6,23815674.523,125152213.533,-1376.852,44.4
2019-03-27 06:58:04,24359012.078,128007491.797,-3335.5,41.8,20739447.969,108986492.003,-1857.426,51.7,25126955.289,132042966.929,-102.836,38.4,23815936.844,125153590.322,-1376.648,44.5
2019-03-27 06:58:05,24359646.914,128010827.551,-3335.656,42.0,20739801.305,108988349.807,-1858.082,50.6,25126975.172,132043069.63,-102.711,39.2,23816198.969,125154966.978,-1376.594,44.4
2019-03-27 06:58:06,24360281.805,128014163.272,-3335.816,42.6,20740154.664,108990208.034,-1858.504,50.4,25126994.414,132043172.275,-102.672,39.8,23816460.766,125156343.501,-1376.559,44.4
2019-03-27 06:58:07,24360916.578,128017498.942,-3335.727,42.7,20740508.375,108992066.681,-1858.805,50.6,25127013.828,132043274.865,-102.586,39.6,23816723.078,125157719.785,-1376.273,44.7
2019-03-27 06:58:08,24361551.336,128020834.626,-3335.668,42.5,20740862.391,108993925.809,-1859.477,50.8,25127033.469,132043377.372,-102.523,39.4,23816984.625,125159095.947,-1376.137,44.7
2019-03-27 06:58:09,24362185.672,128024170.269,-3335.668,42.5,20741216.164,108995785.331,-1859.758,51.1,25127053.008,132043479.839,-102.469,38.9,23817246.406,125160471.923,-1375.926,44.5
2019-03-27 06:58:10,24362820.961,128027505.9,-3335.594,42.5,20741570.195,108997645.303,-1860.195,51.5,25127072.875,132043582.203,-102.477,38.1,23817508.227,125161847.743,-1375.75,44.9
2019-03-27 06:58:11,24363455.891,128030841.532,-3335.742,42.6,20741924.43,108999505.727,-1860.719,51.7,25127091.188,132043684.521,-102.301,37.8,23817770.555,125163223.376,-1375.578,45.1
2019-03-27 06:58:12,24364090.25,128034177.107,-3335.559,42.1,20742278.555,109001366.559,-1861.102,51.6,25127111.211,132043786.739,-102.105,37.9,23818032.039,125164598.859,-1375.352,44.8
2019-03-27 06:58:13,24364724.742,128037512.697,-3335.68,42.5,20742632.719,109003227.87,-1861.664,51.3,25127130.922,132043888.919,-102.211,37.9,23818293.586,125165974.177,-1375.219,45.0
2019-03-27 06:58:14,24365359.711,128040848.262,-3335.5,41.7,20742986.633,109005089.59,-1861.957,51.1,25127150.289,132043991.033,-102.273,37.9,23818555.172,125167349.341,-1375.129,45.1
2019-03-27 06:58:15,24365994.617,128044183.807,-3335.461,42.1,20743341.047,109006951.765,-1862.406,51.3,25127170.117,132044093.063,-102.023,37.8,23818817.133,125168724.329,-1374.961,45.0
2019-03-27 06:58:16,24366629.367,128047519.351,-3335.609,42.0,20743695.547,109008814.373,-1862.895,51.2,25127188.875,132044195.029,-101.953,37.6,23819078.984,125170099.134,-1374.766,44.6
2019-03-27 06:58:17,24367264.281,128050854.831,-3335.355,41.9,20744050.258,109010677.39,-1863.23,51.1,25127208.5,132044296.926,-101.695,37.6,23819340.477,125171473.773,-1374.563,44.7
2019-03-27 06:58:18,24367898.945,128054190.345,-3335.406,42.4,20744404.797,109012540.893,-1863.824,51.0,25127227.891,132044398.799,-101.73,37.8,23819602.289,125172848.283,-1374.457,44.8
2019-03-27 06:58:19,24368533.672,128057525.87,-3335.66,42.5,20744759.141,109014404.825,-1864.223,51.1,25127247.898,132044500.572,-101.762,37.4,23819863.758,125174222.6,-1374.348,45.4
2019-03-27 06:58:20,24369168.242,128060861.284,-3335.41,42.6,20745114.188,109016269.151,-1864.5,50.8,25127267.063,132044602.276,-101.684,37.9,23820124.914,125175596.723,-1374.039,45.6
2019-03-27 06:58:21,24369802.398,128064196.726,-3335.563,42.6,20745468.828,109018133.963,-1865.109,50.8,25127285.977,132044703.958,-101.688,37.7,23820386.063,125176970.736,-1374.0,45.4
2019-03-27 06:58:22,24370437.172,128067532.136,-3335.469,43.0,20745823.906,109019999.194,-1865.504,50.1,25127305.32,132044805.546,-101.629,38.1,23820648.336,125178344.546,-1373.836,45.8
2019-03-27 06:58:23,24371072.336,128070867.529,-3335.379,42.6,20746178.984,109021864.894,-1865.973,50.1,25127325.156,132044907.082,-101.531,38.4,23820909.125,125179718.212,-1373.621,45.6
2019-03-27 06:58:24,24371707.305,128074202.915,-3335.375,42.4,20746534.375,109023730.989,-1866.41,50.3,25127344.516,132045008.547,-101.434,38.5,23821170.883,125181091.686,-1373.402,45.0
2019-03-27 06:58:25,24372341.211,128077538.241,-3335.211,42.2,20746889.227,109025597.517,-1866.762,50.3,25127363.281,132045109.907,-101.188,38.7,23821431.57,125182465.009,-1373.262,45.0
2019-03-27 06:58:26,24372976.586,128080873.629,-3335.48,41.8,20747244.477,109027464.515,-1867.246,50.2,25127382.844,132045211.257,-101.27,38.5,23821692.969,125183838.179,-1373.156,45.1
2019-03-27 06:58:27,24373610.984,128084208.918,-3335.305,41.6,20747599.695,109029331.918,-1867.648,50.2,25127402.648,132045312.5,-101.301,39.0,23821954.531,125185211.12,-1372.965,45.1
2019-03-27 06:58:28,24374245.781,128087544.217,-3335.254,41.8,20747955.398,109031199.781,-1868.203,50.6,25127421.266,132045413.696,-101.172,38.8,23822215.813,125186583.937,-1372.816,45.4
2019-03-27 06:58:29,24374880.43,128090879.505,-3335.211,41.5,20748310.789,109033068.062,-1868.559,50.4,25127440.602,132045514.812,-101.082,38.3,23822476.594,125187956.587,-1372.668,45.7
2019-03-27 06:58:30,24375514.766,128094214.787,-3335.281,41.9,20748666.508,109034936.807,-1868.957,49.8,25127459.547,132045615.884,-101.125,38.0,23822738.539,125189329.088,-1372.414,44.6
2019-03-27 06:58:31,24376149.547,128097550.001,-3335.129,41.7,20749022.203,109036805.957,-1869.441,50.1,25127479.328,132045716.854,-100.883,37.9,23822999.477,125190701.392,-1372.215,45.1
2019-03-27 06:58:32,24376784.563,128100885.269,-3335.211,42.3,20749378.289,109038675.573,-1869.773,50.2,25127497.891,132045817.801,-100.926,38.2,23823260.938,125192073.554,-1372.086,44.7
2019-03-27 06:58:33,24377418.984,128104220.476,-3335.387,42.6,20749734.109,109040545.607,-1870.305,50.9,25127517.055,132045918.689,-101.031,37.9,23823521.563,125193445.567,-1371.949,44.5
2019-03-27 06:58:34,24378054.047,128107555.627,-3335.234,42.5,20750090.047,109042416.052,-1870.781,51.0,25127536.914,132046019.446,-100.836,38.0,23823782.352,125194817.369,-1371.91,44.4
2019-03-27 06:58:35,24378688.367,128110890.786,-3335.109,42.4,20750446.008,109044286.94,-1871.207,51.0,25127556.094,132046120.17,-100.742,38.1,23824043.625,125196189.01,-1371.609,44.3
2019-03-27 06:58:36,24379323.047,128114225.942,-3335.293,41.5,20750801.695,109046158.281,-1871.695,51.2,25127574.672,132046220.841,-100.645,37.5,23824304.938,125197560.51,-1371.488,44.6
2019-03-27 06:58:37,24379957.961,128117561.046,-3335.066,42.2,20751158.172,109048030.047,-1872.039,50.9,25127593.688,132046321.438,-100.664,37.9,23824565.438,125198931.828,-1371.32,44.9
2019-03-27 06:58:38,24380592.414,128120896.144,-3335.234,42.4,20751514.273,109049902.258,-1872.516,50.7,25127613.922,132046421.964,-100.602,37.9,23824826.492,125200302.981,-1371.176,45.2
2019-03-27 06:58:39,24381226.711,128124231.237,-3335.219,42.3,20751870.648,109051774.916,-1873.027,50.8,25127632.633,132046522.434,-100.531,38.1,23825087.086,125201673.988,-1371.059,45.2
2019-03-27 06:58:40,24381861.742,128127566.255,-3334.992,41.9,20752227.148,109053647.967,-1873.379,50.2,25127650.922,132046622.803,-100.371,37.8,23825347.695,125203044.777,-1370.773,45.2
2019-03-27 06:58:41,24382496.344,128130901.31,-3335.09,41.0,20752583.703,109055521.464,-1873.832,50.5,25127669.656,132046723.15,-100.563,37.9,23825608.563,125204415.423,-1370.641,45.0
2019-03-27 06:58:42,24383131.32,128134236.318,-3334.922,40.9,20752940.32,109057395.43,-1874.203,51.1,25127689.5,132046823.366,-100.184,37.6,23825869.898,125205785.923,-1370.414,44.9
2019-03-27 06:58:43,24383765.625,128137571.331,-3335.023,41.6,20753297.5,109059269.822,-1874.641,51.1,25127708.82,132046923.6,-100.285,37.9,23826130.742,125207156.262,-1370.227,45.0
2019-03-27 06:58:44,24384400.063,128140906.308,-3334.938,41.8,20753653.789,109061144.642,-1875.113,51.2,25127727.063,132047023.698,-100.133,37.8,23826390.805,125208526.417,-1370.148,45.2
2019-03-27 06:58:45,24385034.961,128144241.298,-3335.063,42.0,20754010.555,109063019.889,-1875.418,50.8,25127746.078,132047123.757,-100.07,37.5,23826651.758,125209896.408,-1369.809,45.2
2019-03-27 06:58:46,24385669.305,128147576.207,-3334.852,41.8,20754367.609,109064895.585,-1875.891,50.3,25127765.609,132047223.751,-99.977,37.8,23826912.625,125211266.246,-1369.773,45.2
2019-03-27 06:58:47,24386304.516,128150911.123,-3334.926,42.0,20754724.586,109066771.707,-1876.43,50.3,25127784.547,132047323.642,-99.953,38.2,23827173.258,125212635.893,-1369.629,45.1
2019-03-27 06:58:48,24386939.148,128154245.998,-3334.82,42.0,20755081.703,109068648.273,-1876.762,50.7,25127803.398,132047423.495,-99.762,37.8,23827433.758,125214005.392,-1369.469,44.8
2019-03-27 06:58:49,24387573.813,128157580.902,-3334.973,41.9,20755439.047,109070525.279,-1877.25,50.2,25127822.844,132047523.291,-99.75,37.7,23827694.891,125215374.726,-1369.289,44.6
2019-03-27 06:58:50,24388208.391,128160915.7,-3334.652,42.0,20755796.219,109072402.676,-1877.566,50.9,25127841.102,132047622.991,-99.574,37.9,23827954.531,125216743.855,-1369.047,44.6
2019-03-27 06:58:51,24388843.117,128164250.578,-3334.887,42.1,20756153.406,109074280.537,-1878.117,50.9,25127859.82,132047722.65,-99.566,37.7,23828215.391,125218112.887,-1368.977,45.0
2019-03-27 06:58:52,24389477.344,128167585.345,-3334.836,42.1,20756510.789,109076158.805,-1878.434,50.8,25127879.469,132047822.203,-99.516,38.5,23828475.867,125219481.681,-1368.785,45.0
2019-03-27 06:58:53,24390112.102,128170920.128,-3334.805,42.0,20756868.531,109078037.544,-1878.992,50.3,25127898.813,132047921.71,-99.48,38.9,23828735.961,125220850.331,-1368.605,45.2
2019-03-27 06:58:54,24390746.695,128174254.852,-3334.652,41.8,20757225.852,109079916.678,-1879.383,50.5,25127917.813,132048021.14,-99.516,39.0,23828997.023,125222218.791,-1368.359,45.0
2019-03-27 06:58:55,24391381.266,128177589.596,-3334.766,41.6,20757583.391,109081796.283,-1879.883,50.3,25127936.672,132048120.484,-99.426,38.8,23829257.375,125223587.128,-1368.285,44.9
2019-03-27 06:58:56,24392014.977,128180924.316,-3334.762,41.8,20757941.266,109083676.306,-1880.18,50.3,25127955.18,132048219.808,-99.32,38.7,23829517.695,125224955.28,-1368.121,44.9
2019-03-27 06:58:57,24392649.672,128184259.003,-3334.715,41.7,20758299.703,109085556.746,-1880.645,50.7,25127974.023,132048319.024,-99.23,38.8,23829777.469,125226323.261,-1367.898,44.6
2019-03-27 06:58:58,24393285.117,128187593.674,-3334.633,42.1,20758657.406,109087437.635,-1881.098,50.7,25127992.633,132048418.176,-99.152,38.9,23830038.164,125227691.093,-1367.723,44.5
2019-03-27 06:58:59,24393919.375,128190928.292,-3334.727,41.3,20759015.141,109089318.902,-1881.477,51.0,25128011.578,132048517.219,-98.988,39.2,23830298.297,125229058.714,-1367.559,44.6
2019-03-27 06:59:00,24394553.883,128194262.885,-3334.582,41.3,20759373.172,109091200.641,-1881.953,50.8,25128030.617,132048616.214,-98.859,40.0,23830558.32,125230426.195,-1367.367,44.2
2019-03-27 06:59:01,24395187.992,128197597.497,-3334.645,41.5,20759731.164,109093082.794,-1882.262,51.1,25128049.047,132048715.148,-98.77,40.1,23830818.977,125231793.513,-1367.172,44.1
2019-03-27 06:59:02,24395822.664,128200932.064,-3334.648,42.0,20760089.398,109094965.446,-1882.93,50.8,25128068.242,132048814.052,-98.914,40.3,23831079.031,125233160.685,-1367.082,44.1
2019-03-27 06:59:03,24396457.688,128204266.598,-3334.523,42.4,20760447.727,109096848.489,-1883.336,50.3,25128087.211,132048912.864,-98.809,40.2,23831338.93,125234527.668,-1366.926,44.1
2019-03-27 06:59:04,24397091.719,128207601.14,-3334.516,42.2,20760806.5,109098731.987,-1883.73,50.0,25128105.852,132049011.636,-98.809,39.8,23831598.938,125235894.499,-1366.699,44.1
2019-03-27 06:59:05,24397726.672,128210935.659,-3334.473,42.5,20761165.039,109100615.915,-1884.184,50.4,25128124.648,132049110.302,-98.699,39.8,23831859.016,125237261.181,-1366.645,44.5
2019-03-27 06:59:06,24398361.141,128214270.138,-3334.535,42.1,20761523.633,109102500.242,-1884.543,50.7,25128142.711,132049208.882,-98.512,39.6,23832118.906,125238627.657,-1366.441,44.4
2019-03-27 06:59:07,24398995.867,128217604.584,-3334.477,42.2,20761882.039,109104385.033,-1884.992,50.6,25128161.813,132049307.437,-98.512,39.2,23832378.883,125239993.988,-1366.191,44.4
2019-03-27 06:59:08,24399630.352,128220939.025,-3334.492,42.0,20762240.758,109106270.222,-1885.453,51.0,25128181.133,132049405.891,-98.598,39.0,23832639.008,125241360.126,-1365.977,44.4
2019-03-27 06:59:09,24400264.781,128224273.446,-3334.441,41.7,20762599.406,109108155.88,-1885.996,50.7,25128200.063,132049504.293,-98.41,39.1,23832898.969,125242726.146,-1365.93,44.1
2019-03-27 06:59:10,24400898.789,128227607.84,-3334.391,41.9,20762958.25,109110041.948,-1886.285,50.3,25128218.336,132049602.613,-98.305,38.6,23833158.578,125244091.963,-1365.742,44.6
2019-03-27 06:59:11,24401533.711,128230942.179,-3334.336,41.5,20763317.477,109111928.432,-1886.676,50.2,25128237.125,132049700.846,-98.105,38.8,23833418.961,125245457.61,-1365.484,44.5
2019-03-27 06:59:12,24402168.266,128234276.53,-3334.402,41.6,20763676.43,109113815.395,-1887.211,50.5,25128255.289,132049799.053,-98.238,38.5,23833678.766,125246823.13,-1365.445,44.6
2019-03-27 06:59:13,24402802.648,128237610.812,-3334.313,41.6,20764035.734,109115702.76,-1887.574,50.0,25128273.93,132049897.128,-98.074,37.9,23833938.289,125248188.44,-1365.195,44.6
2019-03-27 06:59:14,24403436.828,128240945.112,-3334.266,41.3,20764395.438,109117590.56,-1888.012,50.3,25128292.664,132049995.18,-98.074,38.3,23834198.672,125249553.601,-1365.008,43.9
2019-03-27 06:59:15,24404071.891,128244279.365,-3334.176,41.6,20764754.531,109119478.752,-1888.41,49.9,25128311.414,132050093.096,-97.867,38.2,23834457.523,125250918.588,-1364.906,44.3
2019-03-27 06:59:16,24404705.68,128247613.644,-3334.344,41.6,20765113.773,109121367.414,-1888.859,49.9,25128330.469,132050190.989,-97.824,38.6,23834718.086,125252283.415,-1364.719,44.4
2019-03-27 06:59:17,24405340.664,128250947.856,-3334.254,41.7,20765473.352,109123256.52,-1889.41,50.1,25128348.461,132050288.81,-97.902,38.4,23834977.141,125253648.089,-1364.621,44.3
2019-03-27 06:59:18,24405975.344,128254282.002,-3334.086,41.4,20765832.445,109125146.005,-1889.73,49.6,25128367.578,132050386.55,-97.633,38.7,23835237.266,125255012.561,-1364.355,44.3
2019-03-27 06:59:19,24406609.594,128257616.184,-3334.102,41.2,20766191.805,109127035.977,-1890.168,49.3,25128385.969,132050484.247,-97.57,38.3,23835496.305,125256376.904,-1364.16,44.3
2019-03-27 06:59:20,24407243.406,128260950.342,-3334.051,41.1,20766551.734,109128926.397,-1890.555,49.2,25128405.609,132050581.893,-97.617,38.1,23835756.133,125257741.085,-1363.961,44.3
2019-03-27 06:59:21,24407879.109,128264284.474,-3334.063,40.8,20766911.688,109130817.218,-1890.883,49.3,25128423.68,132050679.444,-97.461,37.8,23836016.227,125259105.091,-1363.832,44.0
2019-03-27 06:59:22,24408513.383,128267618.589,-3334.051,41.1,20767271.914,109132708.485,-1891.406,49.6,25128441.547,132050776.92,-97.379,38.1,23836275.172,125260468.92,-1363.789,43.9
2019-03-27 06:59:23,24409147.664,128270952.683,-3334.07,41.4,20767631.688,109134600.158,-1891.848,49.9,25128459.375,132050874.322,-97.391,37.4,23836534.82,125261832.586,-1363.559,43.9
2019-03-27 06:59:24,24409781.875,128274286.713,-3334.051,41.5,20767991.688,109136492.272,-1892.289,50.2,25128478.273,132050971.633,-97.254,36.7,23836794.023,125263196.06,-1363.367,44.1
2019-03-27 06:59:25,24410415.984,128277620.77,-3334.098,41.6,20768352.203,109138384.823,-1892.801,50.5,25128496.703,132051068.919,-97.328,37.1,23837053.578,125264559.403,-1363.234,44.4
2019-03-27 06:59:26,24411050.492,128280954.771,-3333.734,40.9,20768712.031,109140277.814,-1893.148,50.3,25128515.5,132051166.134,-97.23,37.7,23837313.102,125265922.584,-1363.012,43.8
2019-03-27 06:59:27,24411685.375,128284288.757,-3333.879,41.1,20769072.391,109142171.231,-1893.629,50.0,25128534.477,132051263.25,-97.031,38.0,23837572.945,125267285.583,-1362.93,44.1
2019-03-27 06:59:28,24412320.109,128287622.751,-3333.984,40.6,20769432.844,109144065.105,-1894.148,50.1,25128553.313,132051360.338,-97.016,37.6,23837831.711,125268648.432,-1362.766,44.3
2019-03-27 06:59:29,24412953.984,128290956.702,-3333.926,40.6,20769793.531,109145959.374,-1894.465,49.5,25128570.633,132051457.328,-96.965,37.5,23838091.273,125270011.106,-1362.586,44.5
2019-03-27 06:59:30,24413588.539,128294290.602,-3333.875,40.7,20770153.938,109147854.066,-1894.848,50.3,25128590.211,132051554.253,-96.938,37.8,23838350.695,125271373.589,-1362.43,44.6
2019-03-27 06:59:31,24414222.664,128297624.459,-3333.828,40.5,20770514.516,109149749.184,-1895.344,50.0,25128608.547,132051651.082,-96.742,37.9,23838609.695,125272735.902,-1362.203,44.7
2019-03-27 06:59:32,24414857.219,128300958.359,-3333.84,39.9,20770875.445,109151644.759,-1895.809,49.9,25128626.891,132051747.88,-96.871,37.8,23838869.109,125274098.074,-1362.047,44.7
2019-03-27 06:59:33,24415490.703,128304292.207,-3333.945,39.7,20771235.844,109153540.736,-1896.164,49.8,25128644.758,132051844.57,-96.664,37.9,23839128.109,125275460.08,-1361.953,44.7
2019-03-27 06:59:34,24416126.141,128307626.018,-3333.84,40.0,20771596.836,109155437.167,-1896.633,49.7,25128663.641,132051941.209,-96.563,37.7,23839386.852,125276821.921,-1361.785,44.7
2019-03-27 06:59:35,24416760.445,128310959.806,-3333.828,39.5,20771957.625,109157334.014,-1897.125,49.3,25128681.484,132052037.811,-96.797,37.7,23839646.359,125278183.586,-1361.598,44.9
2019-03-27 06:59:36,24417395.07,128314293.55,-3333.77,39.7,20772318.727,109159231.309,-1897.535,49.8,25128700.289,132052134.292,-96.492,37.5,23839905.539,125279545.087,-1361.414,44.2
2019-03-27 06:59:37,24418028.75,128317627.288,-3333.762,39.8,20772680.109,109161129.01,-1897.867,49.8,25128718.305,132052230.725,-96.305,37.3,23840164.813,125280906.414,-1361.238,44.4
2019-03-27 06:59:38,24418663.539,128320960.944,-3333.566,40.2,20773041.289,109163027.119,-1898.23,50.0,25128736.219,132052327.016,-96.156,37.9,23840423.945,125282267.542,-1360.973,44.7
2019-03-27 06:59:39,24419298.43,128324294.668,-3333.668,39.4,20773402.484,109164925.727,-1898.891,49.9,25128754.398,132052423.323,-96.227,37.2,23840682.789,125283628.608,-1360.992,44.6
2019-03-27 06:59:40,24419932.633,128327628.345,-3333.773,40.1,20773764.016,109166824.732,-1899.316,50.4,25128773.039,132052519.56,-96.324,37.5,23840941.844,125284989.435,-1360.738,43.9
2019-03-27 06:59:41,24420567.18,128330961.978,-3333.66,40.0,20774125.508,109168724.156,-1899.758,50.3,25128791.391,132052615.701,-96.328,37.7,23841200.859,125286350.145,-1360.75,43.9
2019-03-27 06:59:42,24421200.836,128334295.575,-3333.742,40.7,20774486.773,109170624.002,-1900.164,50.8,25128808.969,132052711.732,-96.207,38.1,23841459.391,125287710.626,-1360.477,44.4
2019-03-27 06:59:43,24421835.531,128337629.139,-3333.512,40.5,20774848.43,109172524.259,-1900.488,50.7,25128827.492,132052807.697,-95.863,38.3,23841718.438,125289070.966,-1360.313,44.3
2019-03-27 06:59:44,24422469.445,128340962.664,-3333.438,40.2,20775210.18,109174424.977,-1900.902,50.7,25128846.266,132052903.616,-95.848,38.8,23841977.359,125290431.119,-1360.129,44.6
2019-03-27 06:59:45,24423103.563,128344296.22,-3333.578,40.9,20775572.0,109176326.144,-1901.316,50.3,25128865.43,132052999.482,-95.836,38.8,23842235.68,125291791.188,-1360.051,44.7
2019-03-27 06:59:46,24423738.773,128347629.727,-3333.594,40.8,20775933.727,109178227.746,-1901.867,49.9,25128883.453,132053095.251,-95.723,38.4,23842494.977,125293151.025,-1359.793,44.5
2019-03-27 06:59:47,24424372.719,128350963.2,-3333.477,40.7,20776295.938,109180129.729,-1902.129,50.5,25128901.5,132053190.953,-95.473,38.8,23842753.93,125294510.714,-1359.57,44.6
2019-03-27 06:59:48,24425007.297,128354296.657,-3333.555,40.8,20776657.93,109182032.177,-1902.762,50.8,25128919.602,132053286.591,-95.691,38.7,23843012.188,125295870.249,-1359.504,44.7
2019-03-27 06:59:49,24425641.047,128357630.055,-3333.406,41.1,20777020.344,109183935.016,-1903.152,50.5,25128937.984,132053382.133,-95.477,38.3,23843270.648,125297229.587,-1359.398,44.6
2019-03-27 06:59:50,24426275.484,128360963.433,-3333.367,40.6,20777382.445,109185838.298,-1903.602,50.8,25128955.898,132053477.586,-95.449,38.0,23843529.258,125298588.757,-1359.129,44.7
2019-03-27 06:59:51,24426910.289,128364296.796,-3333.156,40.8,20777744.664,109187741.989,-1903.918,50.0,25128973.914,132053573.01,-95.352,37.9,23843788.344,125299947.774,-1358.918,45.0
2019-03-27 06:59:52,24427544.5,128367630.17,-3333.359,40.7,20778106.664,109189646.133,-1904.316,50.0,25128991.672,132053668.327,-95.141,38.4,23844046.891,125301306.632,-1358.75,45.4
2019-03-27 06:59:53,24428178.992,128370963.45,-3333.262,39.6,20778469.086,109191550.699,-1904.828,50.2,25129010.484,132053763.607,-95.273,38.3,23844305.055,125302665.322,-1358.66,45.4
2019-03-27 06:59:54,24428813.047,128374296.768,-3333.254,39.4,20778831.664,109193455.723,-1905.313,49.5,25129028.5,132053858.81,-95.176,37.6,23844563.797,125304023.871,-1358.43,45.5
2019-03-27 06:59:55,24429447.461,128377629.991,-3333.168,39.7,20779194.102,109195361.135,-1905.629,49.6,25129046.148,132053953.942,-95.203,37.6,23844822.172,125305382.214,-1358.262,45.3
2019-03-27 06:59:56,24430081.266,128380963.255,-3333.398,40.0,20779556.609,109197267.004,-1906.125,49.8,25129063.945,132054048.964,-95.07,37.7,23845080.141,125306740.435,-1358.254,43.6
2019-03-27 06:59:57,24430715.891,128384296.446,-3333.223,40.2,20779919.719,109199173.272,-1906.488,50.0,25129082.398,132054143.924,-94.906,37.3,23845339.016,125308098.43,-1357.918,43.5
2019-03-27 06:59:58,24431350.398,128387629.627,-3333.254,39.6,20780282.617,109201079.966,-1906.934,50.0,25129100.617,132054238.793,-94.824,37.3,23845597.023,125309456.277,-1357.727,43.4
2019-03-27 06:59:59,24431984.609,128390962.778,-3333.246,39.9,20780645.695,109202987.092,-1907.336,50.2,25129117.891,132054333.655,-94.848,37.4,23845855.758,125310813.965,-1357.586,43.8
